Dataset,Sample_ID,Enzyme,Number_of_transcripts,Latitude_deg_N,Longitude_deg_E,Sampling_depth_m,Depth_zone,Size_fraction_lower_threshold_micrometre,Size_fraction_upper_threshold_micrometre,Ocean_and_sea_regions,Marine_pelagic_biomes _Longhurst_2007
Tara_Oceans,ERR598943,Total,26541646,-5.2529,-85.1545,5,SRF,0.22,3,SPO,PEOD
Tara_Oceans,ERR598945,Total,19465217,-60.2287,-60.6476,5,SRF,0.22,3,SO,ANTA
Tara_Oceans,ERR598952,Total,13686168,2.0299,-84.5546,30,DCM,0.22,3,NPO,CHIL
Tara_Oceans,ERR598953,Total,23584453,-12.9794,-96.0232,177,DCM,0.22,3,SPO,SPSG
Tara_Oceans,ERR598956,Total,24881437,-8.9109,-140.2845,150,MIX,0.22,3,SPO,SPSG
Tara_Oceans,ERR598976,Total,102893943,36.1715,-29.023,5,SRF,0.22,3,NAO,NAST-E
Tara_Oceans,ERR598977,Total,25301577,14.5536,70.0128,60,DCM,0.22,1.6,IO,MONS
Tara_Oceans,ERR598988,Total,24203323,-9.0714,-140.5973,120,MIX,0.22,3,SPO,SPSG
Tara_Oceans,ERR598999,Total,27948130,-8.9729,-139.2393,600,MES,0.22,3,SPO,SPSG
Tara_Oceans,ERR599004,Total,23015118,6.3559,-103.0598,450,MES,0.22,3,NPO,PNEC
Tara_Oceans,ERR599010,Total,19979067,-20.9354,-35.1803,5,SRF,0.22,3,SAO,SATL
Tara_Oceans,ERR599011,Total,19967844,14.6059,69.9776,5,SRF,0.22,1.6,IO,MONS
Tara_Oceans,ERR599015,Total,27767579,14.2025,-116.6433,375,MES,0.22,3,NPO,PNEC
Tara_Oceans,ERR599016,Total,21315539,-16.9534,53.9601,75,DCM,0.22,1.6,IO,ISSG
Tara_Oceans,ERR599022,Total,21372057,-30.1367,-43.2899,5,SRF,0.22,3,SAO,SATL
Tara_Oceans,ERR599027,Total,19109390,-47.2007,-57.9446,40,DCM,0.22,3,SAO,FKLD
Tara_Oceans,ERR599031,Total,16274217,20.8457,63.5851,600,MES,0.22,1.6,IO,ARAB
Tara_Oceans,ERR599035,Total,37264126,-47.1863,-58.2902,5,SRF,0.22,3,SAO,FKLD
Tara_Oceans,ERR599067,Total,19304566,2.0649,-84.5546,380,MES,0.22,3,NPO,CHIL
Tara_Oceans,ERR599098,Total,16420448,-16.957,53.9801,5,SRF,0.22,1.6,IO,ISSG
Tara_Oceans,ERR599102,Total,50611881,19.0393,64.4913,5,SRF,0.22,1.6,IO,MONS
Tara_Oceans,ERR599104,Total,18052511,-62.2231,-49.2139,90,DCM,0.22,3,SO,ANTA
Tara_Oceans,ERR599109,Total,25942802,19.0351,64.5638,340,MES,0.22,1.6,IO,MONS
Tara_Oceans,ERR599113,Total,14927388,-12.9723,-96.0122,50,DCM,0.22,3,SPO,SPSG
Tara_Oceans,ERR599169,Total,22146064,-13.0023,-95.9759,5,SRF,0.22,3,SPO,SPSG
Tara_Oceans,ERR599176,Total,19776131,-62.0385,-49.529,5,SRF,0.22,3,SO,ANTA
Tara_Oceans,ERR598943,dsyB,3,-5.2529,-85.1545,5,SRF,0.22,3,SPO,PEOD
Tara_Oceans,ERR598945,dsyB,6,-60.2287,-60.6476,5,SRF,0.22,3,SO,ANTA
Tara_Oceans,ERR598952,dsyB,2,2.0299,-84.5546,30,DCM,0.22,3,NPO,CHIL
Tara_Oceans,ERR598953,dsyB,17,-12.9794,-96.0232,177,DCM,0.22,3,SPO,SPSG
Tara_Oceans,ERR598956,dsyB,49,-8.9109,-140.2845,150,MIX,0.22,3,SPO,SPSG
Tara_Oceans,ERR598976,dsyB,29,36.1715,-29.023,5,SRF,0.22,3,NAO,NAST-E
Tara_Oceans,ERR598977,dsyB,7,14.5536,70.0128,60,DCM,0.22,1.6,IO,MONS
Tara_Oceans,ERR598988,dsyB,136,-9.0714,-140.5973,120,MIX,0.22,3,SPO,SPSG
Tara_Oceans,ERR598999,dsyB,17,-8.9729,-139.2393,600,MES,0.22,3,SPO,SPSG
Tara_Oceans,ERR599004,dsyB,29,6.3559,-103.0598,450,MES,0.22,3,NPO,PNEC
Tara_Oceans,ERR599010,dsyB,14,-20.9354,-35.1803,5,SRF,0.22,3,SAO,SATL
Tara_Oceans,ERR599011,dsyB,4,14.6059,69.9776,5,SRF,0.22,1.6,IO,MONS
Tara_Oceans,ERR599015,dsyB,26,14.2025,-116.6433,375,MES,0.22,3,NPO,PNEC
Tara_Oceans,ERR599016,dsyB,19,-16.9534,53.9601,75,DCM,0.22,1.6,IO,ISSG
Tara_Oceans,ERR599022,dsyB,7,-30.1367,-43.2899,5,SRF,0.22,3,SAO,SATL
Tara_Oceans,ERR599027,dsyB,6,-47.2007,-57.9446,40,DCM,0.22,3,SAO,FKLD
Tara_Oceans,ERR599031,dsyB,12,20.8457,63.5851,600,MES,0.22,1.6,IO,ARAB
Tara_Oceans,ERR599035,dsyB,12,-47.1863,-58.2902,5,SRF,0.22,3,SAO,FKLD
Tara_Oceans,ERR599067,dsyB,2,2.0649,-84.5546,380,MES,0.22,3,NPO,CHIL
Tara_Oceans,ERR599098,dsyB,2,-16.957,53.9801,5,SRF,0.22,1.6,IO,ISSG
Tara_Oceans,ERR599102,dsyB,5,19.0393,64.4913,5,SRF,0.22,1.6,IO,MONS
Tara_Oceans,ERR599104,dsyB,5,-62.2231,-49.2139,90,DCM,0.22,3,SO,ANTA
Tara_Oceans,ERR599109,dsyB,26,19.0351,64.5638,340,MES,0.22,1.6,IO,MONS
Tara_Oceans,ERR599113,dsyB,29,-12.9723,-96.0122,50,DCM,0.22,3,SPO,SPSG
Tara_Oceans,ERR599169,dsyB,1,-13.0023,-95.9759,5,SRF,0.22,3,SPO,SPSG
Tara_Oceans,ERR599176,dsyB,6,-62.0385,-49.529,5,SRF,0.22,3,SO,ANTA
Tara_Oceans,ERR598943,DSYB,2,-5.2529,-85.1545,5,SRF,0.22,3,SPO,PEOD
Tara_Oceans,ERR598945,DSYB,12,-60.2287,-60.6476,5,SRF,0.22,3,SO,ANTA
Tara_Oceans,ERR598952,DSYB,5,2.0299,-84.5546,30,DCM,0.22,3,NPO,CHIL
Tara_Oceans,ERR598953,DSYB,0,-12.9794,-96.0232,177,DCM,0.22,3,SPO,SPSG
Tara_Oceans,ERR598956,DSYB,1,-8.9109,-140.2845,150,MIX,0.22,3,SPO,SPSG
Tara_Oceans,ERR598976,DSYB,38,36.1715,-29.023,5,SRF,0.22,3,NAO,NAST-E
Tara_Oceans,ERR598977,DSYB,0,14.5536,70.0128,60,DCM,0.22,1.6,IO,MONS
Tara_Oceans,ERR598988,DSYB,1,-9.0714,-140.5973,120,MIX,0.22,3,SPO,SPSG
Tara_Oceans,ERR598999,DSYB,1,-8.9729,-139.2393,600,MES,0.22,3,SPO,SPSG
Tara_Oceans,ERR599004,DSYB,0,6.3559,-103.0598,450,MES,0.22,3,NPO,PNEC
Tara_Oceans,ERR599010,DSYB,19,-20.9354,-35.1803,5,SRF,0.22,3,SAO,SATL
Tara_Oceans,ERR599011,DSYB,0,14.6059,69.9776,5,SRF,0.22,1.6,IO,MONS
Tara_Oceans,ERR599015,DSYB,0,14.2025,-116.6433,375,MES,0.22,3,NPO,PNEC
Tara_Oceans,ERR599016,DSYB,2,-16.9534,53.9601,75,DCM,0.22,1.6,IO,ISSG
Tara_Oceans,ERR599022,DSYB,18,-30.1367,-43.2899,5,SRF,0.22,3,SAO,SATL
Tara_Oceans,ERR599027,DSYB,7,-47.2007,-57.9446,40,DCM,0.22,3,SAO,FKLD
Tara_Oceans,ERR599031,DSYB,0,20.8457,63.5851,600,MES,0.22,1.6,IO,ARAB
Tara_Oceans,ERR599035,DSYB,26,-47.1863,-58.2902,5,SRF,0.22,3,SAO,FKLD
Tara_Oceans,ERR599067,DSYB,0,2.0649,-84.5546,380,MES,0.22,3,NPO,CHIL
Tara_Oceans,ERR599098,DSYB,3,-16.957,53.9801,5,SRF,0.22,1.6,IO,ISSG
Tara_Oceans,ERR599102,DSYB,2,19.0393,64.4913,5,SRF,0.22,1.6,IO,MONS
Tara_Oceans,ERR599104,DSYB,24,-62.2231,-49.2139,90,DCM,0.22,3,SO,ANTA
Tara_Oceans,ERR599109,DSYB,0,19.0351,64.5638,340,MES,0.22,1.6,IO,MONS
Tara_Oceans,ERR599113,DSYB,0,-12.9723,-96.0122,50,DCM,0.22,3,SPO,SPSG
Tara_Oceans,ERR599169,DSYB,0,-13.0023,-95.9759,5,SRF,0.22,3,SPO,SPSG
Tara_Oceans,ERR599176,DSYB,17,-62.0385,-49.529,5,SRF,0.22,3,SO,ANTA
Tara_Oceans,ERR598943,Alma1,1,-5.2529,-85.1545,5,SRF,0.22,3,SPO,PEOD
Tara_Oceans,ERR598945,Alma1,0,-60.2287,-60.6476,5,SRF,0.22,3,SO,ANTA
Tara_Oceans,ERR598952,Alma1,0,2.0299,-84.5546,30,DCM,0.22,3,NPO,CHIL
Tara_Oceans,ERR598953,Alma1,0,-12.9794,-96.0232,177,DCM,0.22,3,SPO,SPSG
Tara_Oceans,ERR598956,Alma1,0,-8.9109,-140.2845,150,MIX,0.22,3,SPO,SPSG
Tara_Oceans,ERR598976,Alma1,0,36.1715,-29.023,5,SRF,0.22,3,NAO,NAST-E
Tara_Oceans,ERR598977,Alma1,0,14.5536,70.0128,60,DCM,0.22,1.6,IO,MONS
Tara_Oceans,ERR598988,Alma1,0,-9.0714,-140.5973,120,MIX,0.22,3,SPO,SPSG
Tara_Oceans,ERR598999,Alma1,0,-8.9729,-139.2393,600,MES,0.22,3,SPO,SPSG
Tara_Oceans,ERR599004,Alma1,0,6.3559,-103.0598,450,MES,0.22,3,NPO,PNEC
Tara_Oceans,ERR599010,Alma1,0,-20.9354,-35.1803,5,SRF,0.22,3,SAO,SATL
Tara_Oceans,ERR599011,Alma1,0,14.6059,69.9776,5,SRF,0.22,1.6,IO,MONS
Tara_Oceans,ERR599015,Alma1,0,14.2025,-116.6433,375,MES,0.22,3,NPO,PNEC
Tara_Oceans,ERR599016,Alma1,0,-16.9534,53.9601,75,DCM,0.22,1.6,IO,ISSG
Tara_Oceans,ERR599022,Alma1,0,-30.1367,-43.2899,5,SRF,0.22,3,SAO,SATL
Tara_Oceans,ERR599027,Alma1,0,-47.2007,-57.9446,40,DCM,0.22,3,SAO,FKLD
Tara_Oceans,ERR599031,Alma1,0,20.8457,63.5851,600,MES,0.22,1.6,IO,ARAB
Tara_Oceans,ERR599035,Alma1,0,-47.1863,-58.2902,5,SRF,0.22,3,SAO,FKLD
Tara_Oceans,ERR599067,Alma1,0,2.0649,-84.5546,380,MES,0.22,3,NPO,CHIL
Tara_Oceans,ERR599098,Alma1,0,-16.957,53.9801,5,SRF,0.22,1.6,IO,ISSG
Tara_Oceans,ERR599102,Alma1,0,19.0393,64.4913,5,SRF,0.22,1.6,IO,MONS
Tara_Oceans,ERR599104,Alma1,0,-62.2231,-49.2139,90,DCM,0.22,3,SO,ANTA
Tara_Oceans,ERR599109,Alma1,0,19.0351,64.5638,340,MES,0.22,1.6,IO,MONS
Tara_Oceans,ERR599113,Alma1,0,-12.9723,-96.0122,50,DCM,0.22,3,SPO,SPSG
Tara_Oceans,ERR599169,Alma1,0,-13.0023,-95.9759,5,SRF,0.22,3,SPO,SPSG
Tara_Oceans,ERR599176,Alma1,0,-62.0385,-49.529,5,SRF,0.22,3,SO,ANTA
Tara_Oceans,ERR598943,dddD,4,-5.2529,-85.1545,5,SRF,0.22,3,SPO,PEOD
Tara_Oceans,ERR598945,dddD,60,-60.2287,-60.6476,5,SRF,0.22,3,SO,ANTA
Tara_Oceans,ERR598952,dddD,0,2.0299,-84.5546,30,DCM,0.22,3,NPO,CHIL
Tara_Oceans,ERR598953,dddD,1,-12.9794,-96.0232,177,DCM,0.22,3,SPO,SPSG
Tara_Oceans,ERR598956,dddD,16,-8.9109,-140.2845,150,MIX,0.22,3,SPO,SPSG
Tara_Oceans,ERR598976,dddD,22,36.1715,-29.023,5,SRF,0.22,3,NAO,NAST-E
Tara_Oceans,ERR598977,dddD,1,14.5536,70.0128,60,DCM,0.22,1.6,IO,MONS
Tara_Oceans,ERR598988,dddD,5,-9.0714,-140.5973,120,MIX,0.22,3,SPO,SPSG
Tara_Oceans,ERR598999,dddD,35,-8.9729,-139.2393,600,MES,0.22,3,SPO,SPSG
Tara_Oceans,ERR599004,dddD,33,6.3559,-103.0598,450,MES,0.22,3,NPO,PNEC
Tara_Oceans,ERR599010,dddD,9,-20.9354,-35.1803,5,SRF,0.22,3,SAO,SATL
Tara_Oceans,ERR599011,dddD,6,14.6059,69.9776,5,SRF,0.22,1.6,IO,MONS
Tara_Oceans,ERR599015,dddD,8,14.2025,-116.6433,375,MES,0.22,3,NPO,PNEC
Tara_Oceans,ERR599016,dddD,6,-16.9534,53.9601,75,DCM,0.22,1.6,IO,ISSG
Tara_Oceans,ERR599022,dddD,11,-30.1367,-43.2899,5,SRF,0.22,3,SAO,SATL
Tara_Oceans,ERR599027,dddD,115,-47.2007,-57.9446,40,DCM,0.22,3,SAO,FKLD
Tara_Oceans,ERR599031,dddD,1,20.8457,63.5851,600,MES,0.22,1.6,IO,ARAB
Tara_Oceans,ERR599035,dddD,179,-47.1863,-58.2902,5,SRF,0.22,3,SAO,FKLD
Tara_Oceans,ERR599067,dddD,36,2.0649,-84.5546,380,MES,0.22,3,NPO,CHIL
Tara_Oceans,ERR599098,dddD,7,-16.957,53.9801,5,SRF,0.22,1.6,IO,ISSG
Tara_Oceans,ERR599102,dddD,4,19.0393,64.4913,5,SRF,0.22,1.6,IO,MONS
Tara_Oceans,ERR599104,dddD,80,-62.2231,-49.2139,90,DCM,0.22,3,SO,ANTA
Tara_Oceans,ERR599109,dddD,2,19.0351,64.5638,340,MES,0.22,1.6,IO,MONS
Tara_Oceans,ERR599113,dddD,3,-12.9723,-96.0122,50,DCM,0.22,3,SPO,SPSG
Tara_Oceans,ERR599169,dddD,7,-13.0023,-95.9759,5,SRF,0.22,3,SPO,SPSG
Tara_Oceans,ERR599176,dddD,27,-62.0385,-49.529,5,SRF,0.22,3,SO,ANTA
Tara_Oceans,ERR598943,dddK,81,-5.2529,-85.1545,5,SRF,0.22,3,SPO,PEOD
Tara_Oceans,ERR598945,dddK,380,-60.2287,-60.6476,5,SRF,0.22,3,SO,ANTA
Tara_Oceans,ERR598952,dddK,22,2.0299,-84.5546,30,DCM,0.22,3,NPO,CHIL
Tara_Oceans,ERR598953,dddK,5,-12.9794,-96.0232,177,DCM,0.22,3,SPO,SPSG
Tara_Oceans,ERR598956,dddK,1,-8.9109,-140.2845,150,MIX,0.22,3,SPO,SPSG
Tara_Oceans,ERR598976,dddK,448,36.1715,-29.023,5,SRF,0.22,3,NAO,NAST-E
Tara_Oceans,ERR598977,dddK,8,14.5536,70.0128,60,DCM,0.22,1.6,IO,MONS
Tara_Oceans,ERR598988,dddK,12,-9.0714,-140.5973,120,MIX,0.22,3,SPO,SPSG
Tara_Oceans,ERR598999,dddK,1,-8.9729,-139.2393,600,MES,0.22,3,SPO,SPSG
Tara_Oceans,ERR599004,dddK,1,6.3559,-103.0598,450,MES,0.22,3,NPO,PNEC
Tara_Oceans,ERR599010,dddK,8,-20.9354,-35.1803,5,SRF,0.22,3,SAO,SATL
Tara_Oceans,ERR599011,dddK,0,14.6059,69.9776,5,SRF,0.22,1.6,IO,MONS
Tara_Oceans,ERR599015,dddK,3,14.2025,-116.6433,375,MES,0.22,3,NPO,PNEC
Tara_Oceans,ERR599016,dddK,15,-16.9534,53.9601,75,DCM,0.22,1.6,IO,ISSG
Tara_Oceans,ERR599022,dddK,26,-30.1367,-43.2899,5,SRF,0.22,3,SAO,SATL
Tara_Oceans,ERR599027,dddK,540,-47.2007,-57.9446,40,DCM,0.22,3,SAO,FKLD
Tara_Oceans,ERR599031,dddK,1,20.8457,63.5851,600,MES,0.22,1.6,IO,ARAB
Tara_Oceans,ERR599035,dddK,774,-47.1863,-58.2902,5,SRF,0.22,3,SAO,FKLD
Tara_Oceans,ERR599067,dddK,0,2.0649,-84.5546,380,MES,0.22,3,NPO,CHIL
Tara_Oceans,ERR599098,dddK,1,-16.957,53.9801,5,SRF,0.22,1.6,IO,ISSG
Tara_Oceans,ERR599102,dddK,68,19.0393,64.4913,5,SRF,0.22,1.6,IO,MONS
Tara_Oceans,ERR599104,dddK,392,-62.2231,-49.2139,90,DCM,0.22,3,SO,ANTA
Tara_Oceans,ERR599109,dddK,1,19.0351,64.5638,340,MES,0.22,1.6,IO,MONS
Tara_Oceans,ERR599113,dddK,24,-12.9723,-96.0122,50,DCM,0.22,3,SPO,SPSG
Tara_Oceans,ERR599169,dddK,9,-13.0023,-95.9759,5,SRF,0.22,3,SPO,SPSG
Tara_Oceans,ERR599176,dddK,804,-62.0385,-49.529,5,SRF,0.22,3,SO,ANTA
Tara_Oceans,ERR598943,dddL,1,-5.2529,-85.1545,5,SRF,0.22,3,SPO,PEOD
Tara_Oceans,ERR598945,dddL,1,-60.2287,-60.6476,5,SRF,0.22,3,SO,ANTA
Tara_Oceans,ERR598952,dddL,1,2.0299,-84.5546,30,DCM,0.22,3,NPO,CHIL
Tara_Oceans,ERR598953,dddL,24,-12.9794,-96.0232,177,DCM,0.22,3,SPO,SPSG
Tara_Oceans,ERR598956,dddL,2,-8.9109,-140.2845,150,MIX,0.22,3,SPO,SPSG
Tara_Oceans,ERR598976,dddL,12,36.1715,-29.023,5,SRF,0.22,3,NAO,NAST-E
Tara_Oceans,ERR598977,dddL,2,14.5536,70.0128,60,DCM,0.22,1.6,IO,MONS
Tara_Oceans,ERR598988,dddL,2,-9.0714,-140.5973,120,MIX,0.22,3,SPO,SPSG
Tara_Oceans,ERR598999,dddL,11,-8.9729,-139.2393,600,MES,0.22,3,SPO,SPSG
Tara_Oceans,ERR599004,dddL,11,6.3559,-103.0598,450,MES,0.22,3,NPO,PNEC
Tara_Oceans,ERR599010,dddL,18,-20.9354,-35.1803,5,SRF,0.22,3,SAO,SATL
Tara_Oceans,ERR599011,dddL,3,14.6059,69.9776,5,SRF,0.22,1.6,IO,MONS
Tara_Oceans,ERR599015,dddL,21,14.2025,-116.6433,375,MES,0.22,3,NPO,PNEC
Tara_Oceans,ERR599016,dddL,4,-16.9534,53.9601,75,DCM,0.22,1.6,IO,ISSG
Tara_Oceans,ERR599022,dddL,3,-30.1367,-43.2899,5,SRF,0.22,3,SAO,SATL
Tara_Oceans,ERR599027,dddL,3,-47.2007,-57.9446,40,DCM,0.22,3,SAO,FKLD
Tara_Oceans,ERR599031,dddL,1,20.8457,63.5851,600,MES,0.22,1.6,IO,ARAB
Tara_Oceans,ERR599035,dddL,4,-47.1863,-58.2902,5,SRF,0.22,3,SAO,FKLD
Tara_Oceans,ERR599067,dddL,13,2.0649,-84.5546,380,MES,0.22,3,NPO,CHIL
Tara_Oceans,ERR599098,dddL,3,-16.957,53.9801,5,SRF,0.22,1.6,IO,ISSG
Tara_Oceans,ERR599102,dddL,2,19.0393,64.4913,5,SRF,0.22,1.6,IO,MONS
Tara_Oceans,ERR599104,dddL,1,-62.2231,-49.2139,90,DCM,0.22,3,SO,ANTA
Tara_Oceans,ERR599109,dddL,0,19.0351,64.5638,340,MES,0.22,1.6,IO,MONS
Tara_Oceans,ERR599113,dddL,4,-12.9723,-96.0122,50,DCM,0.22,3,SPO,SPSG
Tara_Oceans,ERR599169,dddL,2,-13.0023,-95.9759,5,SRF,0.22,3,SPO,SPSG
Tara_Oceans,ERR599176,dddL,1,-62.0385,-49.529,5,SRF,0.22,3,SO,ANTA
Tara_Oceans,ERR598943,dddP,2095,-5.2529,-85.1545,5,SRF,0.22,3,SPO,PEOD
Tara_Oceans,ERR598945,dddP,636,-60.2287,-60.6476,5,SRF,0.22,3,SO,ANTA
Tara_Oceans,ERR598952,dddP,1259,2.0299,-84.5546,30,DCM,0.22,3,NPO,CHIL
Tara_Oceans,ERR598953,dddP,3599,-12.9794,-96.0232,177,DCM,0.22,3,SPO,SPSG
Tara_Oceans,ERR598956,dddP,3227,-8.9109,-140.2845,150,MIX,0.22,3,SPO,SPSG
Tara_Oceans,ERR598976,dddP,7775,36.1715,-29.023,5,SRF,0.22,3,NAO,NAST-E
Tara_Oceans,ERR598977,dddP,1759,14.5536,70.0128,60,DCM,0.22,1.6,IO,MONS
Tara_Oceans,ERR598988,dddP,2491,-9.0714,-140.5973,120,MIX,0.22,3,SPO,SPSG
Tara_Oceans,ERR598999,dddP,3788,-8.9729,-139.2393,600,MES,0.22,3,SPO,SPSG
Tara_Oceans,ERR599004,dddP,2586,6.3559,-103.0598,450,MES,0.22,3,NPO,PNEC
Tara_Oceans,ERR599010,dddP,517,-20.9354,-35.1803,5,SRF,0.22,3,SAO,SATL
Tara_Oceans,ERR599011,dddP,1506,14.6059,69.9776,5,SRF,0.22,1.6,IO,MONS
Tara_Oceans,ERR599015,dddP,2771,14.2025,-116.6433,375,MES,0.22,3,NPO,PNEC
Tara_Oceans,ERR599016,dddP,1802,-16.9534,53.9601,75,DCM,0.22,1.6,IO,ISSG
Tara_Oceans,ERR599022,dddP,1194,-30.1367,-43.2899,5,SRF,0.22,3,SAO,SATL
Tara_Oceans,ERR599027,dddP,1710,-47.2007,-57.9446,40,DCM,0.22,3,SAO,FKLD
Tara_Oceans,ERR599031,dddP,1489,20.8457,63.5851,600,MES,0.22,1.6,IO,ARAB
Tara_Oceans,ERR599035,dddP,2058,-47.1863,-58.2902,5,SRF,0.22,3,SAO,FKLD
Tara_Oceans,ERR599067,dddP,2975,2.0649,-84.5546,380,MES,0.22,3,NPO,CHIL
Tara_Oceans,ERR599098,dddP,904,-16.957,53.9801,5,SRF,0.22,1.6,IO,ISSG
Tara_Oceans,ERR599102,dddP,4773,19.0393,64.4913,5,SRF,0.22,1.6,IO,MONS
Tara_Oceans,ERR599104,dddP,1316,-62.2231,-49.2139,90,DCM,0.22,3,SO,ANTA
Tara_Oceans,ERR599109,dddP,2914,19.0351,64.5638,340,MES,0.22,1.6,IO,MONS
Tara_Oceans,ERR599113,dddP,1630,-12.9723,-96.0122,50,DCM,0.22,3,SPO,SPSG
Tara_Oceans,ERR599169,dddP,2525,-13.0023,-95.9759,5,SRF,0.22,3,SPO,SPSG
Tara_Oceans,ERR599176,dddP,1348,-62.0385,-49.529,5,SRF,0.22,3,SO,ANTA
Tara_Oceans,ERR598943,dddQ,279,-5.2529,-85.1545,5,SRF,0.22,3,SPO,PEOD
Tara_Oceans,ERR598945,dddQ,47,-60.2287,-60.6476,5,SRF,0.22,3,SO,ANTA
Tara_Oceans,ERR598952,dddQ,156,2.0299,-84.5546,30,DCM,0.22,3,NPO,CHIL
Tara_Oceans,ERR598953,dddQ,122,-12.9794,-96.0232,177,DCM,0.22,3,SPO,SPSG
Tara_Oceans,ERR598956,dddQ,30,-8.9109,-140.2845,150,MIX,0.22,3,SPO,SPSG
Tara_Oceans,ERR598976,dddQ,829,36.1715,-29.023,5,SRF,0.22,3,NAO,NAST-E
Tara_Oceans,ERR598977,dddQ,69,14.5536,70.0128,60,DCM,0.22,1.6,IO,MONS
Tara_Oceans,ERR598988,dddQ,113,-9.0714,-140.5973,120,MIX,0.22,3,SPO,SPSG
Tara_Oceans,ERR598999,dddQ,77,-8.9729,-139.2393,600,MES,0.22,3,SPO,SPSG
Tara_Oceans,ERR599004,dddQ,134,6.3559,-103.0598,450,MES,0.22,3,NPO,PNEC
Tara_Oceans,ERR599010,dddQ,56,-20.9354,-35.1803,5,SRF,0.22,3,SAO,SATL
Tara_Oceans,ERR599011,dddQ,109,14.6059,69.9776,5,SRF,0.22,1.6,IO,MONS
Tara_Oceans,ERR599015,dddQ,151,14.2025,-116.6433,375,MES,0.22,3,NPO,PNEC
Tara_Oceans,ERR599016,dddQ,106,-16.9534,53.9601,75,DCM,0.22,1.6,IO,ISSG
Tara_Oceans,ERR599022,dddQ,102,-30.1367,-43.2899,5,SRF,0.22,3,SAO,SATL
Tara_Oceans,ERR599027,dddQ,89,-47.2007,-57.9446,40,DCM,0.22,3,SAO,FKLD
Tara_Oceans,ERR599031,dddQ,10,20.8457,63.5851,600,MES,0.22,1.6,IO,ARAB
Tara_Oceans,ERR599035,dddQ,101,-47.1863,-58.2902,5,SRF,0.22,3,SAO,FKLD
Tara_Oceans,ERR599067,dddQ,84,2.0649,-84.5546,380,MES,0.22,3,NPO,CHIL
Tara_Oceans,ERR599098,dddQ,105,-16.957,53.9801,5,SRF,0.22,1.6,IO,ISSG
Tara_Oceans,ERR599102,dddQ,277,19.0393,64.4913,5,SRF,0.22,1.6,IO,MONS
Tara_Oceans,ERR599104,dddQ,9,-62.2231,-49.2139,90,DCM,0.22,3,SO,ANTA
Tara_Oceans,ERR599109,dddQ,19,19.0351,64.5638,340,MES,0.22,1.6,IO,MONS
Tara_Oceans,ERR599113,dddQ,86,-12.9723,-96.0122,50,DCM,0.22,3,SPO,SPSG
Tara_Oceans,ERR599169,dddQ,325,-13.0023,-95.9759,5,SRF,0.22,3,SPO,SPSG
Tara_Oceans,ERR599176,dddQ,13,-62.0385,-49.529,5,SRF,0.22,3,SO,ANTA
Tara_Oceans,ERR598943,dddY,0,-5.2529,-85.1545,5,SRF,0.22,3,SPO,PEOD
Tara_Oceans,ERR598945,dddY,0,-60.2287,-60.6476,5,SRF,0.22,3,SO,ANTA
Tara_Oceans,ERR598952,dddY,0,2.0299,-84.5546,30,DCM,0.22,3,NPO,CHIL
Tara_Oceans,ERR598953,dddY,6,-12.9794,-96.0232,177,DCM,0.22,3,SPO,SPSG
Tara_Oceans,ERR598956,dddY,2,-8.9109,-140.2845,150,MIX,0.22,3,SPO,SPSG
Tara_Oceans,ERR598976,dddY,21,36.1715,-29.023,5,SRF,0.22,3,NAO,NAST-E
Tara_Oceans,ERR598977,dddY,0,14.5536,70.0128,60,DCM,0.22,1.6,IO,MONS
Tara_Oceans,ERR598988,dddY,0,-9.0714,-140.5973,120,MIX,0.22,3,SPO,SPSG
Tara_Oceans,ERR598999,dddY,1,-8.9729,-139.2393,600,MES,0.22,3,SPO,SPSG
Tara_Oceans,ERR599004,dddY,0,6.3559,-103.0598,450,MES,0.22,3,NPO,PNEC
Tara_Oceans,ERR599010,dddY,4,-20.9354,-35.1803,5,SRF,0.22,3,SAO,SATL
Tara_Oceans,ERR599011,dddY,1,14.6059,69.9776,5,SRF,0.22,1.6,IO,MONS
Tara_Oceans,ERR599015,dddY,1,14.2025,-116.6433,375,MES,0.22,3,NPO,PNEC
Tara_Oceans,ERR599016,dddY,2,-16.9534,53.9601,75,DCM,0.22,1.6,IO,ISSG
Tara_Oceans,ERR599022,dddY,15,-30.1367,-43.2899,5,SRF,0.22,3,SAO,SATL
Tara_Oceans,ERR599027,dddY,0,-47.2007,-57.9446,40,DCM,0.22,3,SAO,FKLD
Tara_Oceans,ERR599031,dddY,0,20.8457,63.5851,600,MES,0.22,1.6,IO,ARAB
Tara_Oceans,ERR599035,dddY,0,-47.1863,-58.2902,5,SRF,0.22,3,SAO,FKLD
Tara_Oceans,ERR599067,dddY,6,2.0649,-84.5546,380,MES,0.22,3,NPO,CHIL
Tara_Oceans,ERR599098,dddY,1,-16.957,53.9801,5,SRF,0.22,1.6,IO,ISSG
Tara_Oceans,ERR599102,dddY,0,19.0393,64.4913,5,SRF,0.22,1.6,IO,MONS
Tara_Oceans,ERR599104,dddY,0,-62.2231,-49.2139,90,DCM,0.22,3,SO,ANTA
Tara_Oceans,ERR599109,dddY,0,19.0351,64.5638,340,MES,0.22,1.6,IO,MONS
Tara_Oceans,ERR599113,dddY,1,-12.9723,-96.0122,50,DCM,0.22,3,SPO,SPSG
Tara_Oceans,ERR599169,dddY,0,-13.0023,-95.9759,5,SRF,0.22,3,SPO,SPSG
Tara_Oceans,ERR599176,dddY,0,-62.0385,-49.529,5,SRF,0.22,3,SO,ANTA
Tara_Oceans,ERR598943,dddW,0,-5.2529,-85.1545,5,SRF,0.22,3,SPO,PEOD
Tara_Oceans,ERR598945,dddW,0,-60.2287,-60.6476,5,SRF,0.22,3,SO,ANTA
Tara_Oceans,ERR598952,dddW,0,2.0299,-84.5546,30,DCM,0.22,3,NPO,CHIL
Tara_Oceans,ERR598953,dddW,0,-12.9794,-96.0232,177,DCM,0.22,3,SPO,SPSG
Tara_Oceans,ERR598956,dddW,0,-8.9109,-140.2845,150,MIX,0.22,3,SPO,SPSG
Tara_Oceans,ERR598976,dddW,0,36.1715,-29.023,5,SRF,0.22,3,NAO,NAST-E
Tara_Oceans,ERR598977,dddW,0,14.5536,70.0128,60,DCM,0.22,1.6,IO,MONS
Tara_Oceans,ERR598988,dddW,0,-9.0714,-140.5973,120,MIX,0.22,3,SPO,SPSG
Tara_Oceans,ERR598999,dddW,0,-8.9729,-139.2393,600,MES,0.22,3,SPO,SPSG
Tara_Oceans,ERR599004,dddW,0,6.3559,-103.0598,450,MES,0.22,3,NPO,PNEC
Tara_Oceans,ERR599010,dddW,0,-20.9354,-35.1803,5,SRF,0.22,3,SAO,SATL
Tara_Oceans,ERR599011,dddW,0,14.6059,69.9776,5,SRF,0.22,1.6,IO,MONS
Tara_Oceans,ERR599015,dddW,0,14.2025,-116.6433,375,MES,0.22,3,NPO,PNEC
Tara_Oceans,ERR599016,dddW,0,-16.9534,53.9601,75,DCM,0.22,1.6,IO,ISSG
Tara_Oceans,ERR599022,dddW,0,-30.1367,-43.2899,5,SRF,0.22,3,SAO,SATL
Tara_Oceans,ERR599027,dddW,0,-47.2007,-57.9446,40,DCM,0.22,3,SAO,FKLD
Tara_Oceans,ERR599031,dddW,0,20.8457,63.5851,600,MES,0.22,1.6,IO,ARAB
Tara_Oceans,ERR599035,dddW,0,-47.1863,-58.2902,5,SRF,0.22,3,SAO,FKLD
Tara_Oceans,ERR599067,dddW,0,2.0649,-84.5546,380,MES,0.22,3,NPO,CHIL
Tara_Oceans,ERR599098,dddW,0,-16.957,53.9801,5,SRF,0.22,1.6,IO,ISSG
Tara_Oceans,ERR599102,dddW,0,19.0393,64.4913,5,SRF,0.22,1.6,IO,MONS
Tara_Oceans,ERR599104,dddW,0,-62.2231,-49.2139,90,DCM,0.22,3,SO,ANTA
Tara_Oceans,ERR599109,dddW,0,19.0351,64.5638,340,MES,0.22,1.6,IO,MONS
Tara_Oceans,ERR599113,dddW,0,-12.9723,-96.0122,50,DCM,0.22,3,SPO,SPSG
Tara_Oceans,ERR599169,dddW,0,-13.0023,-95.9759,5,SRF,0.22,3,SPO,SPSG
Tara_Oceans,ERR599176,dddW,0,-62.0385,-49.529,5,SRF,0.22,3,SO,ANTA