Station,Depth,Filter,MGT,Transcripts,Gene
9,SRF,0.8 to 5,66,0,alma1
9,SRF,0.8 to 5,44,0,alma1
9,SRF,0.8 to 5,36,1.01E-06,alma1
137,SRF,20 to 180,46,4.12E-07,alma1
137,SRF,20 to 180,44,0,alma1
111,SRF,180 to 2000,44,0,alma1
111,SRF,180 to 2000,2493,4.91E-08,alma1
137,DCM,5 to 20,332,0,alma1
137,DCM,5 to 20,58,2.39E-08,alma1
137,DCM,5 to 20,46,1.71E-07,alma1
137,DCM,5 to 20,12,4.16E-08,alma1
137,DCM,5 to 20,44,0,alma1
102,SRF,20 to 180,44,0,alma1
102,SRF,20 to 180,332,0,alma1
67,SRF,0.8 to 5,747,0,alma1
67,SRF,0.8 to 5,58,0,alma1
67,SRF,0.8 to 5,36,2.59E-07,alma1
109,DCM,20 to 180,58,0,alma1
109,DCM,20 to 180,38,0,alma1
109,DCM,20 to 180,166,0,alma1
109,DCM,20 to 180,1580,3.13E-08,alma1
109,DCM,20 to 180,179,0,alma1
109,DCM,20 to 180,332,0,alma1
109,DCM,20 to 180,2493,3.45E-08,alma1
109,DCM,20 to 180,44,0,alma1
68,DCM,180 to 2000,332,0,alma1
68,DCM,180 to 2000,2493,4.23E-08,alma1
68,DCM,180 to 2000,44,0,alma1
82,SRF,20 to 180,4,3.01E-07,alma1
82,SRF,20 to 180,67,9.86E-07,alma1
82,SRF,20 to 180,30,0,alma1
82,SRF,20 to 180,112,2.35E-07,alma1
82,SRF,20 to 180,74,0,alma1
82,SRF,20 to 180,13,1.02E-06,alma1
100,SRF,20 to 180,332,0,alma1
100,SRF,20 to 180,46,1.05E-07,alma1
100,SRF,20 to 180,44,0,alma1
81,SRF,0.8 to 5,2743,0,alma1
81,SRF,0.8 to 5,179,0,alma1
81,SRF,0.8 to 5,1580,5.01E-08,alma1
81,SRF,0.8 to 5,66,0,alma1
81,SRF,0.8 to 5,24,0,alma1
81,SRF,0.8 to 5,13,1.81E-07,alma1
81,SRF,0.8 to 5,44,0,alma1
81,SRF,0.8 to 5,67,8.94E-08,alma1
81,SRF,0.8 to 5,58,6.46E-08,alma1
81,SRF,0.8 to 5,4,1.42E-07,alma1
81,SRF,0.8 to 5,85,1.38E-07,alma1
81,SRF,0.8 to 5,166,0,alma1
81,SRF,0.8 to 5,36,1.06E-07,alma1
81,SRF,0.8 to 5,74,0,alma1
81,SRF,0.8 to 5,225,0,alma1
41,DCM,0.8 to 5,44,0,alma1
41,DCM,0.8 to 5,178,4.93E-07,alma1
41,DCM,0.8 to 5,13,7.61E-08,alma1
41,DCM,0.8 to 5,66,0,alma1
41,DCM,0.8 to 5,179,0,alma1
41,DCM,0.8 to 5,188,0,alma1
41,DCM,0.8 to 5,166,0,alma1
41,DCM,0.8 to 5,67,7.61E-08,alma1
41,DCM,0.8 to 5,58,1.22E-07,alma1
137,SRF,5 to 20,44,0,alma1
137,SRF,5 to 20,46,2.60E-07,alma1
137,SRF,5 to 20,58,2.95E-08,alma1
125,SRF,180 to 2000,58,4.11E-08,alma1
125,SRF,180 to 2000,44,0,alma1
138,SRF,180 to 2000,2493,6.36E-08,alma1
138,SRF,180 to 2000,58,0,alma1
9,SRF,180 to 2000,46,1.08E-07,alma1
81,DCM,5 to 20,67,2.10E-08,alma1
81,DCM,5 to 20,1580,3.01E-07,alma1
81,DCM,5 to 20,13,2.10E-08,alma1
150,SRF,20 to 180,46,7.47E-08,alma1
150,SRF,20 to 180,12,1.04E-07,alma1
150,SRF,20 to 180,2493,5.05E-08,alma1
93,SRF,0.8 to 5,188,0,alma1
93,SRF,0.8 to 5,166,0,alma1
93,SRF,0.8 to 5,36,2.49E-07,alma1
93,SRF,0.8 to 5,58,2.91E-07,alma1
93,SRF,0.8 to 5,24,0,alma1
93,SRF,0.8 to 5,44,0,alma1
93,SRF,0.8 to 5,332,0,alma1
93,SRF,0.8 to 5,179,0,alma1
93,SRF,0.8 to 5,66,0,alma1
67,SRF,5 to 20,58,0,alma1
67,SRF,5 to 20,36,5.70E-08,alma1
67,SRF,5 to 20,44,0,alma1
4,SRF,180 to 2000,46,1.72E-07,alma1
131,SRF,0.8 to 5,66,0,alma1
20,SRF,5 to 20,12,8.91E-08,alma1
20,SRF,5 to 20,1580,9.34E-08,alma1
76,DCM,20 to 180,46,7.30E-08,alma1
76,DCM,20 to 180,12,2.70E-08,alma1
100,DCM,5 to 20,12,1.34E-06,alma1
100,DCM,5 to 20,44,0,alma1
80,SRF,20 to 180,29,0,alma1
80,SRF,20 to 180,59,0,alma1
143,SRF,20 to 180,2493,6.02E-08,alma1
143,SRF,20 to 180,12,7.31E-08,alma1
143,SRF,20 to 180,46,1.40E-07,alma1
143,SRF,20 to 180,38,0,alma1
132,SRF,0.8 to 5,29,0,alma1
132,SRF,0.8 to 5,36,2.94E-08,alma1
132,SRF,0.8 to 5,46,6.62E-08,alma1
132,SRF,0.8 to 5,66,0,alma1
52,SRF,5 to 20,332,0,alma1
52,SRF,5 to 20,44,0,alma1
72,DCM,20 to 180,46,6.56E-08,alma1
72,DCM,20 to 180,38,0,alma1
98,DCM,0.8 to 5,36,1.12E-07,alma1
98,DCM,0.8 to 5,178,8.39E-08,alma1
98,DCM,0.8 to 5,44,0,alma1
98,DCM,0.8 to 5,179,0,alma1
98,DCM,0.8 to 5,332,0,alma1
98,DCM,0.8 to 5,66,0,alma1
98,DCM,0.8 to 5,58,1.61E-07,alma1
51,DCM,180 to 2000,38,0,alma1
22,DCM,5 to 20,12,8.37E-08,alma1
22,DCM,5 to 20,35,3.25E-07,alma1
148,SRF,5 to 20,1580,2.10E-07,alma1
148,SRF,5 to 20,2493,9.92E-07,alma1
148,SRF,5 to 20,12,6.90E-08,alma1
22,SRF,0.8 to 5,12,2.50E-08,alma1
22,SRF,0.8 to 5,36,1.80E-07,alma1
22,SRF,0.8 to 5,58,2.64E-08,alma1
22,SRF,0.8 to 5,66,0,alma1
22,SRF,0.8 to 5,4,0,alma1
22,SRF,0.8 to 5,2743,0,alma1
144,SRF,5 to 20,12,5.26E-08,alma1
144,SRF,5 to 20,2493,5.58E-08,alma1
46,SRF,20 to 180,166,0,alma1
46,SRF,20 to 180,44,0,alma1
152,SRF,180 to 2000,2493,3.16E-08,alma1
144,SRF,0.8 to 5,36,3.39E-07,alma1
144,SRF,0.8 to 5,44,0,alma1
144,SRF,0.8 to 5,178,1.69E-07,alma1
144,SRF,0.8 to 5,225,0,alma1
46,SRF,0.8 to 5,44,0,alma1
46,SRF,0.8 to 5,178,3.71E-08,alma1
46,SRF,0.8 to 5,66,0,alma1
46,SRF,0.8 to 5,76,0,alma1
46,SRF,0.8 to 5,2743,0,alma1
46,SRF,0.8 to 5,179,0,alma1
46,SRF,0.8 to 5,225,0,alma1
46,SRF,0.8 to 5,166,0,alma1
46,SRF,0.8 to 5,36,2.70E-08,alma1
46,SRF,0.8 to 5,58,8.58E-08,alma1
46,SRF,0.8 to 5,4,0,alma1
84,SRF,20 to 180,112,1.23E-07,alma1
84,SRF,20 to 180,67,3.03E-07,alma1
84,SRF,20 to 180,30,6.72E-07,alma1
84,SRF,20 to 180,4,1.90E-07,alma1
84,SRF,20 to 180,85,4.60E-08,alma1
84,SRF,20 to 180,13,1.52E-07,alma1
84,SRF,20 to 180,74,5.65E-08,alma1
135,SRF,0.8 to 5,188,0,alma1
135,SRF,0.8 to 5,36,2.81E-07,alma1
135,SRF,0.8 to 5,166,0,alma1
135,SRF,0.8 to 5,67,2.45E-08,alma1
135,SRF,0.8 to 5,58,4.02E-07,alma1
135,SRF,0.8 to 5,38,0,alma1
135,SRF,0.8 to 5,44,0,alma1
135,SRF,0.8 to 5,178,3.35E-08,alma1
135,SRF,0.8 to 5,24,0,alma1
135,SRF,0.8 to 5,13,2.45E-08,alma1
135,SRF,0.8 to 5,66,0,alma1
135,SRF,0.8 to 5,2743,0,alma1
135,SRF,0.8 to 5,179,0,alma1
22,SRF,5 to 20,35,3.41E-07,alma1
22,SRF,5 to 20,12,1.56E-07,alma1
18,SRF,20 to 180,12,1.15E-07,alma1
149,SRF,5 to 20,1255,0,alma1
149,SRF,5 to 20,58,0,alma1
149,SRF,5 to 20,1580,1.41E-07,alma1
149,SRF,5 to 20,2493,4.37E-08,alma1
36,SRF,180 to 2000,179,0,alma1
36,SRF,180 to 2000,44,0,alma1
36,SRF,180 to 2000,166,0,alma1
135,SRF,5 to 20,188,0,alma1
135,SRF,5 to 20,166,0,alma1
135,SRF,5 to 20,36,2.15E-08,alma1
135,SRF,5 to 20,58,6.19E-08,alma1
135,SRF,5 to 20,1255,0,alma1
135,SRF,5 to 20,38,0,alma1
135,SRF,5 to 20,44,0,alma1
135,SRF,5 to 20,59,0,alma1
135,SRF,5 to 20,1580,4.01E-08,alma1
135,SRF,5 to 20,66,0,alma1
135,SRF,5 to 20,179,0,alma1
150,DCM,180 to 2000,2493,2.97E-08,alma1
142,SRF,180 to 2000,2493,4.35E-08,alma1
111,DCM,180 to 2000,2493,4.12E-08,alma1
111,DCM,180 to 2000,44,0,alma1
92,SRF,20 to 180,58,0,alma1
92,SRF,180 to 2000,58,0,alma1
92,SRF,180 to 2000,44,0,alma1
131,DCM,0.8 to 5,58,3.68E-08,alma1
131,DCM,0.8 to 5,4,0,alma1
131,DCM,0.8 to 5,225,0,alma1
131,DCM,0.8 to 5,166,0,alma1
131,DCM,0.8 to 5,36,7.46E-08,alma1
131,DCM,0.8 to 5,66,0,alma1
131,DCM,0.8 to 5,2743,0,alma1
131,DCM,0.8 to 5,44,0,alma1
131,DCM,0.8 to 5,178,3.14E-08,alma1
135,SRF,180 to 2000,38,0,alma1
65,SRF,20 to 180,46,1.24E-07,alma1
65,SRF,20 to 180,12,1.90E-07,alma1
80,SRF,180 to 2000,29,0,alma1
80,SRF,180 to 2000,38,0,alma1
64,SRF,0.8 to 5,225,0,alma1
64,SRF,0.8 to 5,4,4.43E-08,alma1
64,SRF,0.8 to 5,66,0,alma1
64,SRF,0.8 to 5,58,5.62E-08,alma1
137,DCM,180 to 2000,332,0,alma1
137,DCM,180 to 2000,44,0,alma1
110,DCM,0.8 to 5,166,0,alma1
110,DCM,0.8 to 5,188,0,alma1
110,DCM,0.8 to 5,58,0,alma1
110,DCM,0.8 to 5,46,3.04E-07,alma1
110,DCM,0.8 to 5,44,0,alma1
110,DCM,0.8 to 5,179,0,alma1
110,DCM,0.8 to 5,332,0,alma1
110,DCM,0.8 to 5,66,0,alma1
64,DCM,5 to 20,44,0,alma1
64,DCM,5 to 20,36,1.19E-07,alma1
64,DCM,5 to 20,58,0,alma1
18,DCM,0.8 to 5,36,1.69E-07,alma1
18,DCM,0.8 to 5,178,5.54E-08,alma1
18,DCM,0.8 to 5,66,0,alma1
150,DCM,5 to 20,2493,2.38E-07,alma1
150,DCM,5 to 20,1580,9.04E-08,alma1
150,DCM,5 to 20,1255,0,alma1
81,DCM,20 to 180,58,2.22E-08,alma1
81,DCM,20 to 180,67,0,alma1
81,DCM,20 to 180,4,0,alma1
81,DCM,20 to 180,13,0,alma1
147,SRF,0.8 to 5,178,7.27E-08,alma1
147,SRF,0.8 to 5,225,0,alma1
147,SRF,0.8 to 5,36,4.28E-08,alma1
147,SRF,0.8 to 5,76,0,alma1
147,SRF,0.8 to 5,66,0,alma1
147,SRF,0.8 to 5,58,1.14E-07,alma1
147,SRF,0.8 to 5,2743,0,alma1
142,SRF,0.8 to 5,36,1.14E-07,alma1
142,SRF,0.8 to 5,178,5.42E-08,alma1
142,SRF,0.8 to 5,225,0,alma1
142,SRF,0.8 to 5,2743,0,alma1
142,SRF,0.8 to 5,66,0,alma1
142,SRF,0.8 to 5,58,1.21E-07,alma1
151,SRF,0.8 to 5,66,0,alma1
151,SRF,0.8 to 5,2743,0,alma1
151,SRF,0.8 to 5,178,3.12E-08,alma1
151,SRF,0.8 to 5,2493,6.37E-08,alma1
151,SRF,0.8 to 5,12,3.09E-08,alma1
151,SRF,0.8 to 5,58,1.40E-07,alma1
151,SRF,0.8 to 5,29,0,alma1
151,SRF,0.8 to 5,225,0,alma1
151,SRF,0.8 to 5,36,5.16E-07,alma1
150,SRF,0.8 to 5,66,0,alma1
150,SRF,0.8 to 5,2743,0,alma1
150,SRF,0.8 to 5,179,0,alma1
150,SRF,0.8 to 5,44,0,alma1
150,SRF,0.8 to 5,67,0,alma1
150,SRF,0.8 to 5,58,1.59E-07,alma1
150,SRF,0.8 to 5,225,0,alma1
150,SRF,0.8 to 5,166,0,alma1
150,SRF,0.8 to 5,36,1.31E-07,alma1
51,DCM,0.8 to 5,225,0,alma1
51,DCM,0.8 to 5,166,0,alma1
51,DCM,0.8 to 5,36,3.24E-07,alma1
51,DCM,0.8 to 5,188,0,alma1
51,DCM,0.8 to 5,67,7.44E-08,alma1
51,DCM,0.8 to 5,58,2.12E-07,alma1
51,DCM,0.8 to 5,178,1.14E-06,alma1
51,DCM,0.8 to 5,44,0,alma1
51,DCM,0.8 to 5,13,7.44E-08,alma1
51,DCM,0.8 to 5,66,0,alma1
51,DCM,0.8 to 5,179,0,alma1
51,DCM,0.8 to 5,332,0,alma1
135,DCM,0.8 to 5,188,0,alma1
135,DCM,0.8 to 5,166,0,alma1
135,DCM,0.8 to 5,36,2.64E-07,alma1
135,DCM,0.8 to 5,58,3.31E-07,alma1
135,DCM,0.8 to 5,44,0,alma1
135,DCM,0.8 to 5,24,0,alma1
135,DCM,0.8 to 5,66,0,alma1
135,DCM,0.8 to 5,332,0,alma1
135,DCM,0.8 to 5,179,0,alma1
70,SRF,20 to 180,46,4.49E-08,alma1
70,SRF,20 to 180,58,0,alma1
70,SRF,20 to 180,2493,2.79E-08,alma1
70,SRF,20 to 180,44,0,alma1
70,SRF,20 to 180,12,1.05E-07,alma1
52,SRF,180 to 2000,2493,7.95E-08,alma1
52,SRF,180 to 2000,44,0,alma1
52,SRF,180 to 2000,13,3.60E-08,alma1
52,SRF,180 to 2000,4,0,alma1
52,SRF,180 to 2000,38,0,alma1
52,SRF,180 to 2000,112,2.50E-08,alma1
102,SRF,180 to 2000,332,0,alma1
102,SRF,180 to 2000,44,0,alma1
100,DCM,180 to 2000,2493,4.30E-08,alma1
100,DCM,180 to 2000,44,0,alma1
100,DCM,180 to 2000,332,0,alma1
100,DCM,20 to 180,332,0,alma1
100,DCM,20 to 180,44,0,alma1
100,DCM,20 to 180,12,1.22E-07,alma1
146,SRF,5 to 20,1255,0,alma1
146,SRF,5 to 20,1580,1.13E-07,alma1
146,SRF,5 to 20,2493,1.36E-07,alma1
72,SRF,20 to 180,46,1.30E-07,alma1
123,SRF,0.8 to 5,13,2.36E-08,alma1
123,SRF,0.8 to 5,44,0,alma1
123,SRF,0.8 to 5,2743,0,alma1
123,SRF,0.8 to 5,76,0,alma1
123,SRF,0.8 to 5,66,0,alma1
123,SRF,0.8 to 5,36,0,alma1
123,SRF,0.8 to 5,225,0,alma1
123,SRF,0.8 to 5,58,1.71E-07,alma1
23,SRF,20 to 180,12,3.67E-08,alma1
23,SRF,20 to 180,13,2.42E-08,alma1
23,SRF,20 to 180,35,3.98E-08,alma1
23,SRF,20 to 180,38,0,alma1
128,DCM,20 to 180,46,2.12E-07,alma1
128,DCM,20 to 180,332,0,alma1
128,DCM,20 to 180,179,0,alma1
128,DCM,20 to 180,44,0,alma1
128,DCM,20 to 180,166,0,alma1
102,DCM,20 to 180,332,0,alma1
102,DCM,20 to 180,44,0,alma1
76,DCM,5 to 20,44,0,alma1
102,DCM,180 to 2000,44,0,alma1
102,DCM,180 to 2000,332,0,alma1
102,DCM,180 to 2000,58,5.18E-08,alma1
41,DCM,20 to 180,188,0,alma1
41,DCM,20 to 180,166,0,alma1
41,DCM,20 to 180,46,1.74E-07,alma1
82,SRF,180 to 2000,74,5.20E-08,alma1
82,SRF,180 to 2000,85,1.20E-07,alma1
82,SRF,180 to 2000,13,1.43E-06,alma1
82,SRF,180 to 2000,67,1.38E-06,alma1
82,SRF,180 to 2000,30,0,alma1
82,SRF,180 to 2000,4,3.70E-07,alma1
82,SRF,180 to 2000,112,2.75E-07,alma1
46,SRF,180 to 2000,166,0,alma1
125,SRF,0.8 to 5,36,6.32E-08,alma1
125,SRF,0.8 to 5,44,0,alma1
125,SRF,0.8 to 5,2743,0,alma1
125,SRF,0.8 to 5,58,4.90E-07,alma1
125,SRF,0.8 to 5,66,0,alma1
137,SRF,0.8 to 5,58,1.63E-07,alma1
137,SRF,0.8 to 5,4,0,alma1
137,SRF,0.8 to 5,225,0,alma1
137,SRF,0.8 to 5,36,2.27E-08,alma1
137,SRF,0.8 to 5,166,0,alma1
137,SRF,0.8 to 5,66,0,alma1
137,SRF,0.8 to 5,332,0,alma1
137,SRF,0.8 to 5,2743,0,alma1
137,SRF,0.8 to 5,179,0,alma1
137,SRF,0.8 to 5,44,0,alma1
122,SRF,0.8 to 5,44,0,alma1
122,SRF,0.8 to 5,58,9.90E-08,alma1
122,SRF,0.8 to 5,66,0,alma1
122,SRF,0.8 to 5,332,0,alma1
124,SRF,5 to 20,332,0,alma1
124,SRF,5 to 20,44,0,alma1
139,SRF,180 to 2000,44,0,alma1
41,DCM,5 to 20,178,2.74E-07,alma1
41,DCM,5 to 20,44,0,alma1
41,DCM,5 to 20,166,0,alma1
41,DCM,5 to 20,66,0,alma1
41,DCM,5 to 20,179,0,alma1
36,DCM,0.8 to 5,58,1.62E-07,alma1
36,DCM,0.8 to 5,188,0,alma1
36,DCM,0.8 to 5,166,0,alma1
36,DCM,0.8 to 5,36,8.50E-08,alma1
36,DCM,0.8 to 5,179,0,alma1
36,DCM,0.8 to 5,66,0,alma1
36,DCM,0.8 to 5,76,0,alma1
36,DCM,0.8 to 5,44,0,alma1
36,DCM,0.8 to 5,178,1.16E-07,alma1
81,DCM,180 to 2000,112,4.57E-08,alma1
81,DCM,180 to 2000,4,4.57E-08,alma1
81,DCM,180 to 2000,67,2.40E-08,alma1
81,DCM,180 to 2000,58,0,alma1
81,DCM,180 to 2000,13,0,alma1
146,SRF,20 to 180,2493,1.62E-07,alma1
146,SRF,20 to 180,12,3.13E-08,alma1
146,SRF,20 to 180,38,0,alma1
41,SRF,20 to 180,46,9.05E-08,alma1
124,SRF,20 to 180,44,0,alma1
124,SRF,20 to 180,332,0,alma1
152,SRF,5 to 20,1255,0,alma1
131,DCM,5 to 20,12,4.48E-08,alma1
85,SRF,0.8 to 5,112,3.68E-07,alma1
85,SRF,0.8 to 5,67,2.86E-06,alma1
85,SRF,0.8 to 5,58,1.08E-07,alma1
85,SRF,0.8 to 5,4,6.92E-06,alma1
85,SRF,0.8 to 5,85,2.75E-08,alma1
85,SRF,0.8 to 5,74,1.33E-07,alma1
85,SRF,0.8 to 5,30,9.50E-07,alma1
85,SRF,0.8 to 5,13,2.34E-06,alma1
110,SRF,20 to 180,44,0,alma1
110,SRF,20 to 180,46,8.94E-08,alma1
110,SRF,20 to 180,58,3.27E-08,alma1
142,DCM,5 to 20,44,0,alma1
65,SRF,5 to 20,46,1.99E-07,alma1
65,SRF,5 to 20,178,3.41E-08,alma1
68,SRF,0.8 to 5,2743,0,alma1
68,SRF,0.8 to 5,66,0,alma1
68,SRF,0.8 to 5,24,0,alma1
68,SRF,0.8 to 5,13,0,alma1
68,SRF,0.8 to 5,178,3.49E-08,alma1
68,SRF,0.8 to 5,44,0,alma1
68,SRF,0.8 to 5,747,0,alma1
68,SRF,0.8 to 5,58,1.64E-07,alma1
68,SRF,0.8 to 5,36,1.09E-07,alma1
68,SRF,0.8 to 5,166,0,alma1
68,SRF,0.8 to 5,225,0,alma1
137,DCM,20 to 180,44,0,alma1
137,DCM,20 to 180,13,0,alma1
137,DCM,20 to 180,58,2.16E-08,alma1
137,DCM,20 to 180,35,2.78E-08,alma1
137,DCM,20 to 180,46,1.83E-07,alma1
137,DCM,20 to 180,332,0,alma1
152,SRF,0.8 to 5,36,1.04E-07,alma1
152,SRF,0.8 to 5,166,0,alma1
152,SRF,0.8 to 5,29,0,alma1
152,SRF,0.8 to 5,225,0,alma1
152,SRF,0.8 to 5,58,1.24E-07,alma1
152,SRF,0.8 to 5,44,0,alma1
152,SRF,0.8 to 5,59,0,alma1
152,SRF,0.8 to 5,2743,0,alma1
152,SRF,0.8 to 5,179,0,alma1
152,SRF,0.8 to 5,66,0,alma1
76,SRF,180 to 2000,38,0,alma1
76,SRF,180 to 2000,179,0,alma1
76,SRF,180 to 2000,2493,3.20E-08,alma1
76,SRF,180 to 2000,166,0,alma1
146,SRF,0.8 to 5,66,0,alma1
146,SRF,0.8 to 5,44,0,alma1
146,SRF,0.8 to 5,178,1.05E-07,alma1
146,SRF,0.8 to 5,12,4.39E-08,alma1
146,SRF,0.8 to 5,58,1.18E-07,alma1
146,SRF,0.8 to 5,4,6.48E-08,alma1
146,SRF,0.8 to 5,112,6.48E-08,alma1
146,SRF,0.8 to 5,225,0,alma1
146,SRF,0.8 to 5,166,0,alma1
146,SRF,0.8 to 5,36,8.38E-08,alma1
144,SRF,180 to 2000,2493,8.57E-08,alma1
144,SRF,180 to 2000,38,0,alma1
144,SRF,180 to 2000,46,3.59E-08,alma1
52,DCM,180 to 2000,38,0,alma1
52,DCM,180 to 2000,2493,4.75E-08,alma1
52,DCM,180 to 2000,44,0,alma1
132,SRF,5 to 20,46,6.07E-08,alma1
72,SRF,5 to 20,13,2.90E-08,alma1
72,SRF,5 to 20,38,0,alma1
72,SRF,5 to 20,4,0,alma1
72,SRF,5 to 20,1580,5.76E-08,alma1
72,SRF,5 to 20,67,8.33E-08,alma1
100,SRF,5 to 20,2743,0,alma1
100,SRF,5 to 20,58,0,alma1
100,SRF,5 to 20,12,2.65E-08,alma1
100,SRF,5 to 20,44,0,alma1
36,DCM,20 to 180,188,0,alma1
36,DCM,20 to 180,166,0,alma1
36,DCM,20 to 180,58,0,alma1
36,DCM,20 to 180,46,2.74E-07,alma1
36,DCM,20 to 180,179,0,alma1
76,DCM,180 to 2000,38,0,alma1
138,DCM,5 to 20,44,0,alma1
138,DCM,5 to 20,166,0,alma1
138,DCM,5 to 20,12,2.63E-08,alma1
138,DCM,5 to 20,35,6.44E-08,alma1
138,DCM,5 to 20,46,8.44E-08,alma1
138,DCM,5 to 20,332,0,alma1
22,DCM,20 to 180,12,8.54E-07,alma1
22,DCM,20 to 180,35,1.73E-07,alma1
38,SRF,0.8 to 5,179,0,alma1
38,SRF,0.8 to 5,66,0,alma1
38,SRF,0.8 to 5,36,9.81E-08,alma1
38,SRF,0.8 to 5,166,0,alma1
38,SRF,0.8 to 5,188,0,alma1
38,SRF,0.8 to 5,44,0,alma1
132,SRF,180 to 2000,38,0,alma1
23,SRF,0.8 to 5,36,1.76E-07,alma1
23,SRF,0.8 to 5,2743,0,alma1
23,SRF,0.8 to 5,66,0,alma1
67,SRF,180 to 2000,44,0,alma1
132,DCM,5 to 20,12,1.34E-07,alma1
128,SRF,180 to 2000,44,0,alma1
128,SRF,180 to 2000,166,0,alma1
128,SRF,180 to 2000,332,0,alma1
83,SRF,5 to 20,112,4.99E-08,alma1
83,SRF,5 to 20,67,9.66E-08,alma1
83,SRF,5 to 20,4,9.80E-08,alma1
83,SRF,5 to 20,13,2.55E-07,alma1
39,SRF,180 to 2000,166,0,alma1
68,DCM,0.8 to 5,58,1.90E-07,alma1
68,DCM,0.8 to 5,166,0,alma1
68,DCM,0.8 to 5,36,1.68E-07,alma1
68,DCM,0.8 to 5,188,0,alma1
68,DCM,0.8 to 5,66,0,alma1
68,DCM,0.8 to 5,179,0,alma1
68,DCM,0.8 to 5,332,0,alma1
68,DCM,0.8 to 5,2743,0,alma1
68,DCM,0.8 to 5,178,7.31E-08,alma1
68,DCM,0.8 to 5,59,0,alma1
68,DCM,0.8 to 5,44,0,alma1
68,DCM,0.8 to 5,24,0,alma1
68,DCM,0.8 to 5,12,2.35E-08,alma1
144,SRF,20 to 180,12,1.55E-07,alma1
144,SRF,20 to 180,178,5.26E-08,alma1
144,SRF,20 to 180,44,0,alma1
132,DCM,180 to 2000,38,0,alma1
36,DCM,5 to 20,166,0,alma1
36,DCM,5 to 20,179,0,alma1
36,DCM,5 to 20,46,2.63E-07,alma1
111,DCM,5 to 20,178,5.82E-08,alma1
111,DCM,5 to 20,44,0,alma1
111,DCM,5 to 20,24,0,alma1
111,DCM,5 to 20,66,0,alma1
111,DCM,5 to 20,1580,1.39E-07,alma1
111,DCM,5 to 20,179,0,alma1
111,DCM,5 to 20,166,0,alma1
111,DCM,5 to 20,36,1.55E-07,alma1
111,DCM,5 to 20,188,0,alma1
111,DCM,5 to 20,58,6.79E-08,alma1
111,DCM,5 to 20,38,0,alma1
92,SRF,5 to 20,13,0,alma1
92,SRF,5 to 20,4,4.19E-08,alma1
92,SRF,5 to 20,67,0,alma1
92,SRF,5 to 20,58,0,alma1
147,SRF,180 to 2000,38,0,alma1
147,SRF,180 to 2000,2493,6.99E-06,alma1
150,DCM,20 to 180,12,1.70E-07,alma1
150,DCM,20 to 180,2493,5.75E-08,alma1
150,DCM,20 to 180,46,6.03E-08,alma1
78,SRF,5 to 20,44,0,alma1
110,DCM,180 to 2000,44,0,alma1
84,SRF,0.8 to 5,112,1.26E-07,alma1
84,SRF,0.8 to 5,30,2.47E-07,alma1
84,SRF,0.8 to 5,67,1.20E-06,alma1
84,SRF,0.8 to 5,4,1.16E-06,alma1
84,SRF,0.8 to 5,85,2.33E-07,alma1
84,SRF,0.8 to 5,13,1.41E-06,alma1
84,SRF,0.8 to 5,74,1.33E-07,alma1
135,DCM,180 to 2000,188,0,alma1
135,DCM,180 to 2000,166,0,alma1
135,DCM,180 to 2000,2493,2.07E-08,alma1
135,DCM,180 to 2000,179,0,alma1
135,DCM,180 to 2000,38,0,alma1
135,DCM,180 to 2000,58,0,alma1
128,DCM,5 to 20,58,0,alma1
128,DCM,5 to 20,1255,0,alma1
128,DCM,5 to 20,44,0,alma1
128,DCM,5 to 20,166,0,alma1
72,DCM,5 to 20,12,3.72E-08,alma1
72,DCM,5 to 20,13,1.25E-07,alma1
72,DCM,5 to 20,1580,1.08E-07,alma1
23,DCM,0.8 to 5,2743,0,alma1
23,DCM,0.8 to 5,66,0,alma1
23,DCM,0.8 to 5,58,3.30E-08,alma1
23,DCM,0.8 to 5,36,3.32E-07,alma1
23,DCM,0.8 to 5,178,3.52E-08,alma1
23,DCM,0.8 to 5,225,0,alma1
123,SRF,180 to 2000,44,0,alma1
123,SRF,180 to 2000,332,0,alma1
132,DCM,0.8 to 5,188,0,alma1
132,DCM,0.8 to 5,12,4.49E-08,alma1
132,DCM,0.8 to 5,166,0,alma1
132,DCM,0.8 to 5,44,0,alma1
132,DCM,0.8 to 5,332,0,alma1
132,DCM,0.8 to 5,179,0,alma1
132,DCM,0.8 to 5,58,1.57E-07,alma1
36,DCM,180 to 2000,166,0,alma1
36,DCM,180 to 2000,179,0,alma1
85,DCM,180 to 2000,74,1.52E-07,alma1
85,DCM,180 to 2000,85,3.90E-08,alma1
85,DCM,180 to 2000,13,3.52E-07,alma1
85,DCM,180 to 2000,67,5.00E-07,alma1
85,DCM,180 to 2000,30,2.65E-07,alma1
85,DCM,180 to 2000,4,1.08E-06,alma1
85,DCM,180 to 2000,112,8.77E-07,alma1
151,DCM,20 to 180,46,2.05E-07,alma1
151,DCM,20 to 180,35,3.29E-08,alma1
151,DCM,20 to 180,12,1.59E-07,alma1
151,DCM,20 to 180,2493,2.20E-08,alma1
98,SRF,5 to 20,44,0,alma1
98,SRF,5 to 20,46,1.26E-07,alma1
36,SRF,20 to 180,46,4.31E-07,alma1
36,SRF,20 to 180,179,0,alma1
36,SRF,20 to 180,188,0,alma1
36,SRF,20 to 180,166,0,alma1
124,SRF,0.8 to 5,2743,0,alma1
124,SRF,0.8 to 5,58,3.58E-07,alma1
124,SRF,0.8 to 5,76,0,alma1
124,SRF,0.8 to 5,66,0,alma1
124,SRF,0.8 to 5,36,0,alma1
124,SRF,0.8 to 5,44,0,alma1
124,SRF,0.8 to 5,225,0,alma1
151,SRF,20 to 180,46,1.86E-07,alma1
151,SRF,20 to 180,2493,3.91E-08,alma1
151,SRF,20 to 180,12,3.88E-08,alma1
109,SRF,20 to 180,44,0,alma1
109,SRF,20 to 180,166,0,alma1
109,SRF,20 to 180,46,2.12E-08,alma1
39,DCM,0.8 to 5,188,0,alma1
39,DCM,0.8 to 5,36,4.80E-08,alma1
39,DCM,0.8 to 5,166,0,alma1
39,DCM,0.8 to 5,4,1.16E-07,alma1
39,DCM,0.8 to 5,44,0,alma1
39,DCM,0.8 to 5,178,1.53E-07,alma1
39,DCM,0.8 to 5,66,0,alma1
39,DCM,0.8 to 5,179,0,alma1
128,SRF,20 to 180,332,0,alma1
128,SRF,20 to 180,44,0,alma1
124,SRF,180 to 2000,2493,4.33E-08,alma1
124,SRF,180 to 2000,44,0,alma1
124,SRF,180 to 2000,58,0,alma1
85,DCM,5 to 20,13,2.41E-07,alma1
85,DCM,5 to 20,74,5.28E-07,alma1
85,DCM,5 to 20,112,1.19E-06,alma1
85,DCM,5 to 20,30,6.32E-07,alma1
85,DCM,5 to 20,67,4.79E-07,alma1
85,DCM,5 to 20,4,1.32E-06,alma1
110,SRF,180 to 2000,44,0,alma1
110,SRF,180 to 2000,38,0,alma1
110,SRF,180 to 2000,332,0,alma1
135,DCM,5 to 20,179,0,alma1
135,DCM,5 to 20,38,0,alma1
135,DCM,5 to 20,1255,0,alma1
135,DCM,5 to 20,166,0,alma1
135,DCM,5 to 20,12,1.25E-07,alma1
135,DCM,5 to 20,188,0,alma1
135,DCM,5 to 20,44,0,alma1
30,SRF,180 to 2000,2493,5.51E-08,alma1
151,SRF,180 to 2000,2493,1.01E-07,alma1
25,DCM,5 to 20,12,8.27E-08,alma1
72,DCM,0.8 to 5,58,1.36E-07,alma1
72,DCM,0.8 to 5,188,0,alma1
72,DCM,0.8 to 5,36,2.57E-07,alma1
72,DCM,0.8 to 5,166,0,alma1
72,DCM,0.8 to 5,2743,0,alma1
72,DCM,0.8 to 5,332,0,alma1
72,DCM,0.8 to 5,179,0,alma1
72,DCM,0.8 to 5,66,0,alma1
72,DCM,0.8 to 5,44,0,alma1
68,SRF,180 to 2000,44,0,alma1
68,SRF,180 to 2000,58,2.80E-08,alma1
80,DCM,20 to 180,46,1.32E-07,alma1
80,DCM,20 to 180,12,3.41E-07,alma1
80,DCM,20 to 180,59,0,alma1
98,SRF,20 to 180,46,5.61E-08,alma1
98,SRF,20 to 180,12,5.66E-08,alma1
98,SRF,20 to 180,44,0,alma1
149,SRF,180 to 2000,38,0,alma1
149,SRF,180 to 2000,2493,1.18E-07,alma1
52,DCM,20 to 180,46,5.84E-08,alma1
52,DCM,20 to 180,58,2.90E-08,alma1
52,DCM,20 to 180,4,0,alma1
52,DCM,20 to 180,332,0,alma1
52,DCM,20 to 180,44,0,alma1
52,DCM,20 to 180,2493,2.41E-08,alma1
52,DCM,20 to 180,12,1.57E-07,alma1
135,DCM,20 to 180,188,0,alma1
135,DCM,20 to 180,166,0,alma1
135,DCM,20 to 180,58,2.01E-08,alma1
135,DCM,20 to 180,38,0,alma1
135,DCM,20 to 180,44,0,alma1
135,DCM,20 to 180,59,0,alma1
135,DCM,20 to 180,12,1.36E-07,alma1
135,DCM,20 to 180,35,3.63E-08,alma1
135,DCM,20 to 180,179,0,alma1
66,DCM,5 to 20,332,0,alma1
66,DCM,5 to 20,44,0,alma1
64,SRF,20 to 180,44,0,alma1
64,SRF,20 to 180,46,6.53E-08,alma1
41,SRF,0.8 to 5,13,0,alma1
41,SRF,0.8 to 5,166,0,alma1
41,SRF,0.8 to 5,179,0,alma1
41,SRF,0.8 to 5,66,0,alma1
138,DCM,180 to 2000,44,0,alma1
138,DCM,180 to 2000,332,0,alma1
4,SRF,0.8 to 5,44,0,alma1
4,SRF,0.8 to 5,178,1.13E-07,alma1
4,SRF,0.8 to 5,2743,0,alma1
4,SRF,0.8 to 5,66,0,alma1
4,SRF,0.8 to 5,36,2.65E-07,alma1
4,SRF,0.8 to 5,29,0,alma1
4,SRF,0.8 to 5,747,0,alma1
4,SRF,0.8 to 5,58,0,alma1
137,SRF,180 to 2000,332,0,alma1
137,SRF,180 to 2000,166,0,alma1
137,SRF,180 to 2000,44,0,alma1
25,SRF,5 to 20,12,4.61E-07,alma1
25,SRF,5 to 20,35,9.24E-08,alma1
38,SRF,20 to 180,166,0,alma1
38,SRF,20 to 180,46,1.18E-06,alma1
38,SRF,20 to 180,179,0,alma1
125,SRF,20 to 180,44,0,alma1
125,SRF,20 to 180,332,0,alma1
125,SRF,20 to 180,58,4.99E-08,alma1
122,SRF,20 to 180,44,0,alma1
122,SRF,20 to 180,332,0,alma1
4,DCM,0.8 to 5,66,0,alma1
4,DCM,0.8 to 5,35,7.82E-08,alma1
4,DCM,0.8 to 5,12,2.44E-07,alma1
4,DCM,0.8 to 5,59,0,alma1
142,DCM,0.8 to 5,66,0,alma1
142,DCM,0.8 to 5,178,6.38E-08,alma1
142,DCM,0.8 to 5,36,1.47E-07,alma1
68,SRF,20 to 180,46,3.04E-07,alma1
68,SRF,20 to 180,12,4.00E-07,alma1
68,SRF,20 to 180,44,0,alma1
100,SRF,0.8 to 5,58,9.12E-08,alma1
100,SRF,0.8 to 5,67,0,alma1
100,SRF,0.8 to 5,36,7.28E-08,alma1
100,SRF,0.8 to 5,225,0,alma1
100,SRF,0.8 to 5,2743,0,alma1
100,SRF,0.8 to 5,332,0,alma1
100,SRF,0.8 to 5,66,0,alma1
100,SRF,0.8 to 5,44,0,alma1
41,SRF,5 to 20,46,2.51E-07,alma1
93,SRF,5 to 20,38,0,alma1
131,SRF,5 to 20,46,3.33E-08,alma1
131,SRF,5 to 20,2493,3.63E-08,alma1
131,SRF,5 to 20,36,2.10E-08,alma1
131,SRF,5 to 20,12,2.72E-08,alma1
80,DCM,180 to 2000,38,0,alma1
110,SRF,0.8 to 5,36,0,alma1
110,SRF,0.8 to 5,166,0,alma1
110,SRF,0.8 to 5,225,0,alma1
110,SRF,0.8 to 5,67,9.75E-08,alma1
110,SRF,0.8 to 5,58,1.54E-07,alma1
110,SRF,0.8 to 5,13,9.75E-08,alma1
110,SRF,0.8 to 5,44,0,alma1
110,SRF,0.8 to 5,179,0,alma1
110,SRF,0.8 to 5,332,0,alma1
110,SRF,0.8 to 5,66,0,alma1
93,SRF,180 to 2000,38,0,alma1
139,SRF,5 to 20,58,2.87E-08,alma1
139,SRF,5 to 20,1580,2.78E-08,alma1
139,SRF,5 to 20,179,0,alma1
139,SRF,5 to 20,44,0,alma1
139,SRF,5 to 20,166,0,alma1
38,SRF,180 to 2000,166,0,alma1
38,SRF,180 to 2000,44,0,alma1
38,SRF,180 to 2000,179,0,alma1
142,DCM,20 to 180,46,3.99E-07,alma1
142,DCM,20 to 180,12,8.91E-08,alma1
39,SRF,0.8 to 5,225,0,alma1
39,SRF,0.8 to 5,36,8.66E-08,alma1
39,SRF,0.8 to 5,166,0,alma1
39,SRF,0.8 to 5,58,5.22E-08,alma1
39,SRF,0.8 to 5,66,0,alma1
39,SRF,0.8 to 5,2743,0,alma1
39,SRF,0.8 to 5,179,0,alma1
4,DCM,5 to 20,12,2.41E-08,alma1
4,DCM,5 to 20,36,0,alma1
4,DCM,5 to 20,58,2.57E-08,alma1
4,DCM,5 to 20,1255,0,alma1
4,DCM,5 to 20,179,0,alma1
30,DCM,20 to 180,12,2.44E-07,alma1
23,DCM,20 to 180,12,4.56E-07,alma1
23,DCM,20 to 180,58,0,alma1
23,DCM,20 to 180,35,8.08E-08,alma1
23,SRF,180 to 2000,38,0,alma1
80,DCM,5 to 20,12,1.42E-07,alma1
80,DCM,5 to 20,44,0,alma1
70,SRF,5 to 20,332,0,alma1
70,SRF,5 to 20,58,0,alma1
70,SRF,5 to 20,1580,7.97E-08,alma1
70,SRF,5 to 20,44,0,alma1
70,SRF,5 to 20,2493,7.62E-08,alma1
82,SRF,0.8 to 5,66,0,alma1
82,SRF,0.8 to 5,30,2.12E-07,alma1
82,SRF,0.8 to 5,13,2.50E-05,alma1
82,SRF,0.8 to 5,24,0,alma1
82,SRF,0.8 to 5,4,2.76E-06,alma1
82,SRF,0.8 to 5,67,1.40E-05,alma1
82,SRF,0.8 to 5,58,3.13E-08,alma1
82,SRF,0.8 to 5,112,2.37E-06,alma1
82,SRF,0.8 to 5,74,3.13E-08,alma1
82,SRF,0.8 to 5,85,1.73E-06,alma1
72,SRF,180 to 2000,44,0,alma1
72,SRF,180 to 2000,12,6.44E-08,alma1
72,SRF,180 to 2000,46,3.28E-07,alma1
52,SRF,0.8 to 5,332,0,alma1
52,SRF,0.8 to 5,66,0,alma1
52,SRF,0.8 to 5,44,0,alma1
52,SRF,0.8 to 5,178,3.51E-08,alma1
52,SRF,0.8 to 5,58,9.34E-08,alma1
52,SRF,0.8 to 5,36,3.74E-08,alma1
52,SRF,0.8 to 5,166,0,alma1
52,SRF,0.8 to 5,225,0,alma1
139,SRF,0.8 to 5,4,0,alma1
139,SRF,0.8 to 5,58,1.66E-07,alma1
139,SRF,0.8 to 5,36,7.48E-08,alma1
139,SRF,0.8 to 5,166,0,alma1
139,SRF,0.8 to 5,179,0,alma1
139,SRF,0.8 to 5,2743,0,alma1
139,SRF,0.8 to 5,66,0,alma1
139,SRF,0.8 to 5,44,0,alma1
7,DCM,0.8 to 5,29,0,alma1
7,DCM,0.8 to 5,178,5.58E-08,alma1
7,DCM,0.8 to 5,36,1.25E-07,alma1
7,DCM,0.8 to 5,66,0,alma1
7,DCM,0.8 to 5,179,0,alma1
102,SRF,5 to 20,36,4.02E-08,alma1
102,SRF,5 to 20,44,0,alma1
102,SRF,5 to 20,332,0,alma1
102,SRF,5 to 20,1580,5.47E-08,alma1
102,SRF,5 to 20,58,0,alma1
76,SRF,5 to 20,44,0,alma1
132,SRF,20 to 180,46,6.28E-07,alma1
143,DCM,180 to 2000,38,0,alma1
18,DCM,20 to 180,12,5.41E-07,alma1
18,DCM,20 to 180,46,1.11E-07,alma1
66,DCM,0.8 to 5,24,0,alma1
66,DCM,0.8 to 5,179,0,alma1
66,DCM,0.8 to 5,2743,0,alma1
66,DCM,0.8 to 5,332,0,alma1
66,DCM,0.8 to 5,76,0,alma1
66,DCM,0.8 to 5,36,1.54E-07,alma1
66,DCM,0.8 to 5,1255,0,alma1
66,DCM,0.8 to 5,4,5.89E-08,alma1
66,DCM,0.8 to 5,67,0,alma1
66,DCM,0.8 to 5,13,0,alma1
66,DCM,0.8 to 5,178,6.75E-08,alma1
66,DCM,0.8 to 5,44,0,alma1
66,DCM,0.8 to 5,66,0,alma1
66,DCM,0.8 to 5,166,0,alma1
66,DCM,0.8 to 5,188,0,alma1
66,DCM,0.8 to 5,74,0,alma1
66,DCM,0.8 to 5,58,3.09E-07,alma1
111,SRF,0.8 to 5,58,1.36E-07,alma1
111,SRF,0.8 to 5,66,0,alma1
111,SRF,0.8 to 5,2743,0,alma1
111,SRF,0.8 to 5,332,0,alma1
111,SRF,0.8 to 5,44,0,alma1
111,SRF,0.8 to 5,36,3.95E-08,alma1
138,DCM,0.8 to 5,178,2.52E-08,alma1
138,DCM,0.8 to 5,44,0,alma1
138,DCM,0.8 to 5,76,0,alma1
138,DCM,0.8 to 5,66,0,alma1
138,DCM,0.8 to 5,2743,0,alma1
138,DCM,0.8 to 5,332,0,alma1
138,DCM,0.8 to 5,166,0,alma1
138,DCM,0.8 to 5,36,6.54E-08,alma1
138,DCM,0.8 to 5,58,8.00E-08,alma1
152,SRF,20 to 180,59,0,alma1
152,SRF,20 to 180,12,2.55E-08,alma1
152,SRF,20 to 180,35,5.49E-08,alma1
143,DCM,20 to 180,12,1.19E-07,alma1
143,DCM,20 to 180,2493,2.64E-08,alma1
143,DCM,20 to 180,46,1.12E-07,alma1
150,DCM,0.8 to 5,44,0,alma1
150,DCM,0.8 to 5,178,1.15E-07,alma1
150,DCM,0.8 to 5,66,0,alma1
150,DCM,0.8 to 5,2743,0,alma1
150,DCM,0.8 to 5,179,0,alma1
150,DCM,0.8 to 5,188,0,alma1
150,DCM,0.8 to 5,166,0,alma1
150,DCM,0.8 to 5,36,3.08E-07,alma1
150,DCM,0.8 to 5,58,1.85E-07,alma1
22,SRF,20 to 180,12,1.58E-07,alma1
22,SRF,20 to 180,35,2.30E-07,alma1
26,SRF,20 to 180,12,3.04E-07,alma1
93,DCM,0.8 to 5,166,0,alma1
93,DCM,0.8 to 5,36,2.54E-08,alma1
93,DCM,0.8 to 5,188,0,alma1
93,DCM,0.8 to 5,74,4.64E-08,alma1
93,DCM,0.8 to 5,67,2.53E-08,alma1
93,DCM,0.8 to 5,58,4.45E-07,alma1
93,DCM,0.8 to 5,13,2.53E-08,alma1
93,DCM,0.8 to 5,44,0,alma1
93,DCM,0.8 to 5,179,0,alma1
93,DCM,0.8 to 5,332,0,alma1
138,SRF,20 to 180,46,1.93E-08,alma1
138,SRF,20 to 180,44,0,alma1
131,SRF,180 to 2000,2493,5.98E-07,alma1
131,SRF,180 to 2000,38,0,alma1
66,SRF,20 to 180,12,3.63E-08,alma1
66,SRF,20 to 180,36,2.42E-08,alma1
66,SRF,20 to 180,59,0,alma1
128,DCM,180 to 2000,332,0,alma1
128,DCM,180 to 2000,44,0,alma1
136,SRF,180 to 2000,332,0,alma1
136,SRF,180 to 2000,44,0,alma1
147,SRF,5 to 20,12,2.92E-08,alma1
147,SRF,5 to 20,2493,1.73E-07,alma1
147,SRF,5 to 20,1580,5.07E-08,alma1
147,SRF,5 to 20,1255,0,alma1
123,SRF,5 to 20,44,0,alma1
123,SRF,5 to 20,1580,3.58E-08,alma1
123,SRF,5 to 20,58,0,alma1
123,SRF,5 to 20,76,0,alma1
123,SRF,5 to 20,1255,0,alma1
65,SRF,0.8 to 5,179,0,alma1
65,SRF,0.8 to 5,2743,0,alma1
65,SRF,0.8 to 5,76,0,alma1
65,SRF,0.8 to 5,66,0,alma1
65,SRF,0.8 to 5,13,7.58E-08,alma1
65,SRF,0.8 to 5,24,0,alma1
65,SRF,0.8 to 5,178,7.87E-08,alma1
65,SRF,0.8 to 5,44,0,alma1
65,SRF,0.8 to 5,4,0,alma1
65,SRF,0.8 to 5,58,2.02E-07,alma1
65,SRF,0.8 to 5,67,1.01E-07,alma1
65,SRF,0.8 to 5,166,0,alma1
65,SRF,0.8 to 5,36,7.33E-08,alma1
65,SRF,0.8 to 5,225,0,alma1
136,SRF,5 to 20,44,0,alma1
136,SRF,5 to 20,332,0,alma1
136,SRF,5 to 20,46,1.04E-07,alma1
136,SRF,5 to 20,1580,4.67E-08,alma1
143,DCM,5 to 20,2493,4.05E-08,alma1
143,DCM,5 to 20,46,4.43E-08,alma1
143,DCM,5 to 20,1580,5.13E-08,alma1
72,DCM,180 to 2000,38,0,alma1
122,SRF,5 to 20,58,0,alma1
122,SRF,5 to 20,44,0,alma1
18,SRF,0.8 to 5,66,0,alma1
18,SRF,0.8 to 5,178,1.86E-07,alma1
18,SRF,0.8 to 5,13,0,alma1
18,SRF,0.8 to 5,36,1.25E-06,alma1
102,DCM,5 to 20,44,0,alma1
81,SRF,20 to 180,112,5.01E-08,alma1
81,SRF,20 to 180,1580,7.32E-08,alma1
81,SRF,20 to 180,13,0,alma1
92,SRF,0.8 to 5,13,0,alma1
92,SRF,0.8 to 5,44,0,alma1
92,SRF,0.8 to 5,112,5.56E-08,alma1
92,SRF,0.8 to 5,58,0,alma1
92,SRF,0.8 to 5,4,9.00E-08,alma1
92,SRF,0.8 to 5,66,0,alma1
135,SRF,20 to 180,179,0,alma1
135,SRF,20 to 180,58,0,alma1
135,SRF,20 to 180,188,0,alma1
135,SRF,20 to 180,166,0,alma1
135,SRF,20 to 180,24,0,alma1
135,SRF,20 to 180,44,0,alma1
135,SRF,20 to 180,59,0,alma1
39,SRF,20 to 180,166,0,alma1
39,SRF,20 to 180,179,0,alma1
146,SRF,180 to 2000,2493,9.44E-06,alma1
146,SRF,180 to 2000,38,0,alma1
145,SRF,180 to 2000,2493,1.24E-06,alma1
145,SRF,180 to 2000,1255,0,alma1
145,SRF,180 to 2000,38,0,alma1
145,SRF,180 to 2000,747,0,alma1
111,DCM,0.8 to 5,44,0,alma1
111,DCM,0.8 to 5,332,0,alma1
111,DCM,0.8 to 5,58,8.35E-08,alma1
38,DCM,0.8 to 5,332,0,alma1
38,DCM,0.8 to 5,2743,0,alma1
38,DCM,0.8 to 5,179,0,alma1
38,DCM,0.8 to 5,66,0,alma1
38,DCM,0.8 to 5,44,0,alma1
38,DCM,0.8 to 5,178,5.26E-07,alma1
38,DCM,0.8 to 5,58,7.35E-07,alma1
38,DCM,0.8 to 5,188,0,alma1
38,DCM,0.8 to 5,36,1.33E-07,alma1
38,DCM,0.8 to 5,166,0,alma1
7,DCM,20 to 180,46,1.10E-07,alma1
64,SRF,5 to 20,1580,5.52E-08,alma1
65,SRF,180 to 2000,166,0,alma1
65,SRF,180 to 2000,2493,2.77E-08,alma1
65,SRF,180 to 2000,38,0,alma1
65,SRF,180 to 2000,58,0,alma1
66,SRF,0.8 to 5,36,8.58E-08,alma1
66,SRF,0.8 to 5,44,0,alma1
66,SRF,0.8 to 5,178,3.75E-08,alma1
66,SRF,0.8 to 5,66,0,alma1
98,SRF,180 to 2000,2493,1.62E-07,alma1
131,DCM,20 to 180,44,0,alma1
131,DCM,20 to 180,12,3.46E-07,alma1
131,DCM,20 to 180,46,9.94E-08,alma1
131,DCM,20 to 180,179,0,alma1
100,SRF,180 to 2000,58,0,alma1
100,SRF,180 to 2000,2493,6.91E-08,alma1
100,SRF,180 to 2000,44,0,alma1
7,DCM,5 to 20,12,1.49E-07,alma1
80,SRF,0.8 to 5,36,1.08E-07,alma1
80,SRF,0.8 to 5,178,3.61E-08,alma1
80,SRF,0.8 to 5,29,0,alma1
80,SRF,0.8 to 5,66,0,alma1
150,SRF,180 to 2000,38,0,alma1
150,SRF,180 to 2000,2493,1.73E-07,alma1
142,DCM,180 to 2000,38,0,alma1
142,DCM,180 to 2000,46,7.54E-08,alma1
7,SRF,20 to 180,46,1.18E-07,alma1
128,SRF,0.8 to 5,58,2.15E-07,alma1
128,SRF,0.8 to 5,166,0,alma1
128,SRF,0.8 to 5,36,4.88E-08,alma1
128,SRF,0.8 to 5,225,0,alma1
128,SRF,0.8 to 5,179,0,alma1
128,SRF,0.8 to 5,2743,0,alma1
128,SRF,0.8 to 5,66,0,alma1
128,SRF,0.8 to 5,44,0,alma1
25,DCM,20 to 180,35,3.87E-08,alma1
25,DCM,20 to 180,59,0,alma1
25,DCM,20 to 180,44,0,alma1
25,DCM,20 to 180,12,8.36E-07,alma1
38,DCM,20 to 180,46,8.00E-07,alma1
38,DCM,20 to 180,179,0,alma1
38,DCM,20 to 180,44,0,alma1
38,DCM,20 to 180,188,0,alma1
38,DCM,20 to 180,166,0,alma1
38,DCM,20 to 180,12,5.71E-08,alma1
25,SRF,0.8 to 5,36,1.27E-07,alma1
142,SRF,20 to 180,12,3.81E-08,alma1
142,SRF,20 to 180,46,2.75E-07,alma1
142,SRF,20 to 180,58,5.30E-08,alma1
7,SRF,0.8 to 5,66,0,alma1
7,SRF,0.8 to 5,36,1.48E-07,alma1
148,SRF,20 to 180,38,0,alma1
148,SRF,20 to 180,66,0,alma1
148,SRF,20 to 180,12,3.43E-08,alma1
148,SRF,20 to 180,2493,2.22E-07,alma1
70,SRF,0.8 to 5,36,4.67E-08,alma1
70,SRF,0.8 to 5,44,0,alma1
70,SRF,0.8 to 5,332,0,alma1
70,SRF,0.8 to 5,66,0,alma1
70,SRF,0.8 to 5,58,5.44E-08,alma1
9,DCM,0.8 to 5,166,0,alma1
9,DCM,0.8 to 5,36,3.10E-07,alma1
9,DCM,0.8 to 5,58,0,alma1
9,DCM,0.8 to 5,24,0,alma1
9,DCM,0.8 to 5,44,0,alma1
9,DCM,0.8 to 5,178,2.90E-07,alma1
9,DCM,0.8 to 5,179,0,alma1
9,DCM,0.8 to 5,66,0,alma1
145,SRF,0.8 to 5,44,0,alma1
145,SRF,0.8 to 5,13,3.62E-08,alma1
145,SRF,0.8 to 5,66,0,alma1
145,SRF,0.8 to 5,225,0,alma1
145,SRF,0.8 to 5,36,1.13E-07,alma1
145,SRF,0.8 to 5,1255,0,alma1
145,SRF,0.8 to 5,4,7.29E-08,alma1
145,SRF,0.8 to 5,58,1.23E-07,alma1
145,SRF,0.8 to 5,67,3.62E-08,alma1
145,SRF,0.8 to 5,747,0,alma1
111,DCM,20 to 180,46,1.90E-08,alma1
111,DCM,20 to 180,332,0,alma1
111,DCM,20 to 180,44,0,alma1
111,DCM,20 to 180,2493,3.80E-08,alma1
111,DCM,20 to 180,12,3.46E-07,alma1
151,DCM,180 to 2000,2493,4.78E-08,alma1
68,SRF,5 to 20,1580,1.13E-07,alma1
68,SRF,5 to 20,58,0,alma1
68,SRF,5 to 20,1255,0,alma1
68,SRF,5 to 20,44,0,alma1
68,SRF,5 to 20,12,4.08E-08,alma1
123,SRF,20 to 180,2493,1.78E-08,alma1
123,SRF,20 to 180,44,0,alma1
84,SRF,180 to 2000,13,5.59E-07,alma1
84,SRF,180 to 2000,85,8.71E-08,alma1
84,SRF,180 to 2000,74,2.75E-08,alma1
84,SRF,180 to 2000,112,2.01E-07,alma1
84,SRF,180 to 2000,4,6.93E-07,alma1
84,SRF,180 to 2000,67,4.62E-07,alma1
84,SRF,180 to 2000,30,1.06E-07,alma1
64,DCM,20 to 180,12,2.88E-07,alma1
64,DCM,20 to 180,46,1.55E-07,alma1
65,DCM,5 to 20,58,3.12E-08,alma1
65,DCM,5 to 20,66,0,alma1
65,DCM,5 to 20,178,4.38E-08,alma1
149,SRF,20 to 180,46,7.89E-08,alma1
149,SRF,20 to 180,12,6.59E-08,alma1
149,SRF,20 to 180,2493,4.94E-08,alma1
22,DCM,0.8 to 5,2743,0,alma1
22,DCM,0.8 to 5,66,0,alma1
22,DCM,0.8 to 5,12,2.58E-08,alma1
22,DCM,0.8 to 5,24,0,alma1
22,DCM,0.8 to 5,36,3.83E-07,alma1
22,DCM,0.8 to 5,44,0,alma1
70,SRF,180 to 2000,46,2.37E-08,alma1
70,SRF,180 to 2000,44,0,alma1
70,SRF,180 to 2000,2493,3.53E-08,alma1
78,SRF,20 to 180,178,1.02E-07,alma1
78,SRF,20 to 180,29,0,alma1
78,SRF,20 to 180,12,5.97E-08,alma1
41,SRF,180 to 2000,44,0,alma1
25,DCM,0.8 to 5,178,6.84E-08,alma1
25,DCM,0.8 to 5,225,0,alma1
25,DCM,0.8 to 5,36,1.35E-07,alma1
25,DCM,0.8 to 5,66,0,alma1
39,DCM,20 to 180,166,0,alma1
68,DCM,5 to 20,12,2.61E-08,alma1
68,DCM,5 to 20,44,0,alma1
98,DCM,5 to 20,44,0,alma1
82,SRF,5 to 20,13,4.79E-06,alma1
82,SRF,5 to 20,85,4.70E-07,alma1
82,SRF,5 to 20,74,0,alma1
82,SRF,5 to 20,112,2.18E-07,alma1
82,SRF,5 to 20,4,6.60E-07,alma1
82,SRF,5 to 20,30,9.81E-08,alma1
82,SRF,5 to 20,67,2.77E-06,alma1
85,DCM,0.8 to 5,13,7.67E-07,alma1
85,DCM,0.8 to 5,85,8.37E-08,alma1
85,DCM,0.8 to 5,74,0,alma1
85,DCM,0.8 to 5,112,9.04E-08,alma1
85,DCM,0.8 to 5,4,2.88E-06,alma1
85,DCM,0.8 to 5,67,8.96E-07,alma1
85,DCM,0.8 to 5,30,1.19E-07,alma1
110,SRF,5 to 20,44,0,alma1
110,SRF,5 to 20,332,0,alma1
110,SRF,5 to 20,46,1.23E-07,alma1
125,SRF,5 to 20,2493,3.85E-08,alma1
125,SRF,5 to 20,44,0,alma1
125,SRF,5 to 20,58,0,alma1
125,SRF,5 to 20,1580,6.05E-08,alma1
109,SRF,5 to 20,36,7.07E-08,alma1
109,SRF,5 to 20,166,0,alma1
109,SRF,5 to 20,44,0,alma1
109,SRF,5 to 20,179,0,alma1
109,SRF,5 to 20,1580,4.56E-08,alma1
109,SRF,5 to 20,58,0,alma1
147,SRF,20 to 180,12,4.57E-08,alma1
147,SRF,20 to 180,2493,1.19E-07,alma1
36,SRF,0.8 to 5,44,0,alma1
36,SRF,0.8 to 5,36,1.77E-07,alma1
36,SRF,0.8 to 5,166,0,alma1
36,SRF,0.8 to 5,46,3.50E-08,alma1
36,SRF,0.8 to 5,58,3.22E-08,alma1
36,SRF,0.8 to 5,66,0,alma1
36,SRF,0.8 to 5,179,0,alma1
138,SRF,5 to 20,44,0,alma1
143,SRF,180 to 2000,2493,3.31E-08,alma1
143,SRF,180 to 2000,38,0,alma1
136,SRF,20 to 180,44,0,alma1
136,SRF,20 to 180,46,2.21E-07,alma1
82,DCM,180 to 2000,67,2.79E-06,alma1
82,DCM,180 to 2000,30,3.55E-08,alma1
82,DCM,180 to 2000,4,7.68E-07,alma1
82,DCM,180 to 2000,112,6.34E-07,alma1
82,DCM,180 to 2000,74,5.04E-08,alma1
82,DCM,180 to 2000,85,8.03E-08,alma1
82,DCM,180 to 2000,13,2.90E-06,alma1
22,DCM,180 to 2000,35,1.01E-07,alma1
51,SRF,0.8 to 5,2743,0,alma1
51,SRF,0.8 to 5,66,0,alma1
51,SRF,0.8 to 5,36,4.11E-08,alma1
51,SRF,0.8 to 5,29,0,alma1
18,DCM,5 to 20,24,0,alma1
18,DCM,5 to 20,36,8.08E-08,alma1
18,DCM,5 to 20,12,1.18E-07,alma1
18,DCM,5 to 20,46,8.04E-08,alma1
109,DCM,0.8 to 5,332,0,alma1
109,DCM,0.8 to 5,2743,0,alma1
109,DCM,0.8 to 5,179,0,alma1
109,DCM,0.8 to 5,66,0,alma1
109,DCM,0.8 to 5,44,0,alma1
109,DCM,0.8 to 5,46,7.59E-08,alma1
109,DCM,0.8 to 5,58,2.29E-07,alma1
109,DCM,0.8 to 5,36,9.75E-08,alma1
109,DCM,0.8 to 5,166,0,alma1
30,SRF,5 to 20,12,1.82E-07,alma1
98,DCM,20 to 180,12,2.99E-07,alma1
98,DCM,20 to 180,2493,2.81E-08,alma1
98,DCM,20 to 180,112,2.06E-08,alma1
98,DCM,20 to 180,4,2.06E-08,alma1
83,SRF,180 to 2000,13,3.29E-07,alma1
83,SRF,180 to 2000,4,3.62E-07,alma1
83,SRF,180 to 2000,67,1.80E-07,alma1
83,SRF,180 to 2000,112,7.12E-08,alma1
78,SRF,180 to 2000,2493,4.24E-08,alma1
78,SRF,180 to 2000,38,0,alma1
131,SRF,20 to 180,44,0,alma1
131,SRF,20 to 180,46,1.63E-07,alma1
102,DCM,0.8 to 5,44,0,alma1
102,DCM,0.8 to 5,178,2.25E-08,alma1
102,DCM,0.8 to 5,66,0,alma1
102,DCM,0.8 to 5,332,0,alma1
102,DCM,0.8 to 5,2743,0,alma1
102,DCM,0.8 to 5,179,0,alma1
102,DCM,0.8 to 5,188,0,alma1
102,DCM,0.8 to 5,36,5.42E-08,alma1
102,DCM,0.8 to 5,166,0,alma1
102,DCM,0.8 to 5,58,1.07E-07,alma1
18,SRF,5 to 20,12,4.57E-08,alma1
151,SRF,5 to 20,46,2.23E-07,alma1
151,SRF,5 to 20,2493,3.10E-08,alma1
151,SRF,5 to 20,12,1.51E-07,alma1
11,SRF,5 to 20,66,0,alma1
102,SRF,0.8 to 5,44,0,alma1
102,SRF,0.8 to 5,332,0,alma1
102,SRF,0.8 to 5,58,1.29E-07,alma1
83,SRF,0.8 to 5,13,4.15E-06,alma1
83,SRF,0.8 to 5,66,0,alma1
83,SRF,0.8 to 5,30,0,alma1
83,SRF,0.8 to 5,85,9.80E-08,alma1
83,SRF,0.8 to 5,74,0,alma1
83,SRF,0.8 to 5,112,3.26E-07,alma1
83,SRF,0.8 to 5,747,0,alma1
83,SRF,0.8 to 5,4,1.53E-06,alma1
83,SRF,0.8 to 5,67,2.04E-06,alma1
83,SRF,0.8 to 5,58,1.96E-07,alma1
84,SRF,5 to 20,112,9.88E-08,alma1
84,SRF,5 to 20,4,9.88E-08,alma1
84,SRF,5 to 20,30,2.42E-07,alma1
84,SRF,5 to 20,13,0,alma1
84,SRF,5 to 20,74,0,alma1
84,SRF,5 to 20,44,0,alma1
25,SRF,20 to 180,12,3.27E-07,alma1
25,SRF,20 to 180,46,4.51E-08,alma1
25,SRF,20 to 180,38,0,alma1
150,SRF,5 to 20,166,0,alma1
150,SRF,5 to 20,2493,1.03E-07,alma1
150,SRF,5 to 20,1580,3.90E-08,alma1
150,SRF,5 to 20,1255,0,alma1
150,SRF,5 to 20,66,0,alma1
136,SRF,0.8 to 5,58,5.14E-07,alma1
136,SRF,0.8 to 5,36,1.11E-07,alma1
136,SRF,0.8 to 5,166,0,alma1
136,SRF,0.8 to 5,225,0,alma1
136,SRF,0.8 to 5,179,0,alma1
136,SRF,0.8 to 5,2743,0,alma1
136,SRF,0.8 to 5,332,0,alma1
136,SRF,0.8 to 5,66,0,alma1
136,SRF,0.8 to 5,44,0,alma1
85,DCM,20 to 180,13,1.55E-06,alma1
85,DCM,20 to 180,74,7.35E-07,alma1
85,DCM,20 to 180,112,2.65E-06,alma1
85,DCM,20 to 180,4,2.70E-06,alma1
85,DCM,20 to 180,67,1.05E-06,alma1
85,DCM,20 to 180,30,1.61E-06,alma1
122,SRF,180 to 2000,44,0,alma1
122,SRF,180 to 2000,13,5.74E-08,alma1
122,SRF,180 to 2000,58,2.33E-07,alma1
122,SRF,180 to 2000,67,5.74E-08,alma1
122,SRF,180 to 2000,332,0,alma1
52,DCM,0.8 to 5,58,1.45E-07,alma1
52,DCM,0.8 to 5,66,0,alma1
52,DCM,0.8 to 5,332,0,alma1
52,DCM,0.8 to 5,179,0,alma1
52,DCM,0.8 to 5,44,0,alma1
52,DCM,0.8 to 5,166,0,alma1
52,DCM,0.8 to 5,36,1.32E-07,alma1
145,SRF,20 to 180,59,0,alma1
145,SRF,20 to 180,12,5.82E-08,alma1
111,SRF,20 to 180,46,6.82E-08,alma1
111,SRF,20 to 180,44,0,alma1
111,SRF,20 to 180,12,4.73E-07,alma1
148,SRF,180 to 2000,38,0,alma1
148,SRF,180 to 2000,2493,5.94E-06,alma1
145,SRF,5 to 20,2493,3.00E-08,alma1
145,SRF,5 to 20,1255,0,alma1
145,SRF,5 to 20,58,3.00E-08,alma1
78,DCM,20 to 180,46,4.65E-08,alma1
78,DCM,20 to 180,178,1.30E-07,alma1
78,DCM,20 to 180,12,2.95E-07,alma1
100,DCM,0.8 to 5,66,0,alma1
100,DCM,0.8 to 5,58,1.67E-07,alma1
100,DCM,0.8 to 5,2743,0,alma1
100,DCM,0.8 to 5,332,0,alma1
100,DCM,0.8 to 5,225,0,alma1
100,DCM,0.8 to 5,44,0,alma1
100,DCM,0.8 to 5,36,8.09E-08,alma1
39,SRF,5 to 20,179,0,alma1
39,SRF,5 to 20,166,0,alma1
109,SRF,180 to 2000,44,0,alma1
109,SRF,180 to 2000,166,0,alma1
109,SRF,180 to 2000,38,0,alma1
109,SRF,180 to 2000,179,0,alma1
98,DCM,180 to 2000,2493,2.87E-08,alma1
98,DCM,180 to 2000,12,5.01E-08,alma1
98,DCM,180 to 2000,36,0,alma1
51,SRF,20 to 180,46,2.83E-07,alma1
85,SRF,180 to 2000,13,1.19E-05,alma1
85,SRF,180 to 2000,74,7.89E-06,alma1
85,SRF,180 to 2000,112,1.74E-05,alma1
85,SRF,180 to 2000,67,8.26E-06,alma1
85,SRF,180 to 2000,30,1.24E-06,alma1
85,SRF,180 to 2000,4,1.92E-05,alma1
85,SRF,20 to 180,13,2.73E-06,alma1
85,SRF,20 to 180,74,8.95E-07,alma1
85,SRF,20 to 180,112,2.94E-06,alma1
85,SRF,20 to 180,67,1.21E-06,alma1
85,SRF,20 to 180,30,1.93E-06,alma1
85,SRF,20 to 180,4,3.17E-06,alma1
128,DCM,0.8 to 5,178,2.92E-08,alma1
128,DCM,0.8 to 5,44,0,alma1
128,DCM,0.8 to 5,179,0,alma1
128,DCM,0.8 to 5,2743,0,alma1
128,DCM,0.8 to 5,66,0,alma1
128,DCM,0.8 to 5,36,5.98E-08,alma1
128,DCM,0.8 to 5,166,0,alma1
128,DCM,0.8 to 5,225,0,alma1
128,DCM,0.8 to 5,1255,0,alma1
128,DCM,0.8 to 5,58,3.87E-07,alma1
109,SRF,0.8 to 5,66,0,alma1
109,SRF,0.8 to 5,58,1.32E-07,alma1
109,SRF,0.8 to 5,179,0,alma1
109,SRF,0.8 to 5,44,0,alma1
109,SRF,0.8 to 5,36,3.88E-08,alma1
109,SRF,0.8 to 5,166,0,alma1
128,SRF,5 to 20,1255,0,alma1
128,SRF,5 to 20,332,0,alma1
128,SRF,5 to 20,179,0,alma1
128,SRF,5 to 20,44,0,alma1
128,SRF,5 to 20,166,0,alma1
52,SRF,20 to 180,2493,4.82E-08,alma1
52,SRF,20 to 180,44,0,alma1
52,SRF,20 to 180,13,0,alma1
52,SRF,20 to 180,58,2.46E-08,alma1
52,SRF,20 to 180,46,7.55E-08,alma1
9,SRF,0.8 to 5,66,1.31E-06,dsyb
9,SRF,0.8 to 5,44,4.14E-07,dsyb
9,SRF,0.8 to 5,36,1.93E-06,dsyb
137,SRF,20 to 180,46,0,dsyb
137,SRF,20 to 180,44,1.06E-07,dsyb
111,SRF,180 to 2000,44,9.42E-08,dsyb
111,SRF,180 to 2000,2493,0,dsyb
137,DCM,5 to 20,332,3.99E-08,dsyb
137,DCM,5 to 20,58,2.44E-08,dsyb
137,DCM,5 to 20,46,0,dsyb
137,DCM,5 to 20,12,0,dsyb
137,DCM,5 to 20,44,3.72E-07,dsyb
102,SRF,20 to 180,44,3.88E-07,dsyb
102,SRF,20 to 180,332,2.47E-08,dsyb
67,SRF,0.8 to 5,747,1.76E-07,dsyb
67,SRF,0.8 to 5,58,7.40E-08,dsyb
67,SRF,0.8 to 5,36,0,dsyb
109,DCM,20 to 180,58,2.90E-08,dsyb
109,DCM,20 to 180,38,2.38E-08,dsyb
109,DCM,20 to 180,166,2.38E-08,dsyb
109,DCM,20 to 180,1580,0,dsyb
109,DCM,20 to 180,179,2.38E-08,dsyb
109,DCM,20 to 180,332,2.37E-08,dsyb
109,DCM,20 to 180,2493,0,dsyb
109,DCM,20 to 180,44,5.33E-07,dsyb
68,DCM,180 to 2000,332,2.91E-08,dsyb
68,DCM,180 to 2000,2493,0,dsyb
68,DCM,180 to 2000,44,4.26E-08,dsyb
82,SRF,20 to 180,4,9.46E-07,dsyb
82,SRF,20 to 180,67,0,dsyb
82,SRF,20 to 180,30,4.80E-07,dsyb
82,SRF,20 to 180,112,0,dsyb
82,SRF,20 to 180,74,6.18E-08,dsyb
82,SRF,20 to 180,13,4.65E-06,dsyb
100,SRF,20 to 180,332,7.09E-08,dsyb
100,SRF,20 to 180,46,0,dsyb
100,SRF,20 to 180,44,7.86E-07,dsyb
81,SRF,0.8 to 5,2743,2.67E-08,dsyb
81,SRF,0.8 to 5,179,3.60E-08,dsyb
81,SRF,0.8 to 5,1580,0,dsyb
81,SRF,0.8 to 5,66,1.58E-07,dsyb
81,SRF,0.8 to 5,24,2.67E-08,dsyb
81,SRF,0.8 to 5,13,1.95E-06,dsyb
81,SRF,0.8 to 5,44,1.05E-07,dsyb
81,SRF,0.8 to 5,67,1.67E-07,dsyb
81,SRF,0.8 to 5,58,5.17E-08,dsyb
81,SRF,0.8 to 5,4,3.16E-07,dsyb
81,SRF,0.8 to 5,85,0,dsyb
81,SRF,0.8 to 5,166,3.60E-08,dsyb
81,SRF,0.8 to 5,36,2.16E-07,dsyb
81,SRF,0.8 to 5,74,6.08E-08,dsyb
81,SRF,0.8 to 5,225,5.62E-08,dsyb
41,DCM,0.8 to 5,44,5.70E-07,dsyb
41,DCM,0.8 to 5,178,0,dsyb
41,DCM,0.8 to 5,13,0,dsyb
41,DCM,0.8 to 5,66,5.05E-07,dsyb
41,DCM,0.8 to 5,179,1.79E-06,dsyb
41,DCM,0.8 to 5,188,1.69E-07,dsyb
41,DCM,0.8 to 5,166,5.04E-06,dsyb
41,DCM,0.8 to 5,67,0,dsyb
41,DCM,0.8 to 5,58,6.79E-08,dsyb
137,SRF,5 to 20,44,1.50E-07,dsyb
137,SRF,5 to 20,46,0,dsyb
137,SRF,5 to 20,58,0,dsyb
125,SRF,180 to 2000,58,0,dsyb
125,SRF,180 to 2000,44,8.97E-08,dsyb
138,SRF,180 to 2000,2493,0,dsyb
138,SRF,180 to 2000,58,2.71E-08,dsyb
9,SRF,180 to 2000,46,0,dsyb
81,DCM,5 to 20,67,0,dsyb
81,DCM,5 to 20,1580,0,dsyb
81,DCM,5 to 20,13,7.29E-08,dsyb
150,SRF,20 to 180,46,0,dsyb
150,SRF,20 to 180,12,0,dsyb
150,SRF,20 to 180,2493,0,dsyb
93,SRF,0.8 to 5,188,9.76E-08,dsyb
93,SRF,0.8 to 5,166,5.61E-07,dsyb
93,SRF,0.8 to 5,36,3.33E-07,dsyb
93,SRF,0.8 to 5,58,1.45E-07,dsyb
93,SRF,0.8 to 5,24,1.63E-07,dsyb
93,SRF,0.8 to 5,44,1.60E-06,dsyb
93,SRF,0.8 to 5,332,1.46E-07,dsyb
93,SRF,0.8 to 5,179,3.05E-07,dsyb
93,SRF,0.8 to 5,66,4.35E-07,dsyb
67,SRF,5 to 20,58,5.22E-08,dsyb
67,SRF,5 to 20,36,0,dsyb
67,SRF,5 to 20,44,1.78E-07,dsyb
4,SRF,180 to 2000,46,0,dsyb
131,SRF,0.8 to 5,66,9.24E-08,dsyb
20,SRF,5 to 20,12,0,dsyb
20,SRF,5 to 20,1580,0,dsyb
76,DCM,20 to 180,46,0,dsyb
76,DCM,20 to 180,12,0,dsyb
100,DCM,5 to 20,12,0,dsyb
100,DCM,5 to 20,44,3.52E-07,dsyb
80,SRF,20 to 180,29,5.18E-08,dsyb
80,SRF,20 to 180,59,2.39E-08,dsyb
143,SRF,20 to 180,2493,0,dsyb
143,SRF,20 to 180,12,0,dsyb
143,SRF,20 to 180,46,0,dsyb
143,SRF,20 to 180,38,2.90E-08,dsyb
132,SRF,0.8 to 5,29,2.11E-07,dsyb
132,SRF,0.8 to 5,36,0,dsyb
132,SRF,0.8 to 5,46,0,dsyb
132,SRF,0.8 to 5,66,7.08E-08,dsyb
52,SRF,5 to 20,332,4.66E-08,dsyb
52,SRF,5 to 20,44,3.83E-07,dsyb
72,DCM,20 to 180,46,0,dsyb
72,DCM,20 to 180,38,2.72E-07,dsyb
98,DCM,0.8 to 5,36,0,dsyb
98,DCM,0.8 to 5,178,0,dsyb
98,DCM,0.8 to 5,44,4.27E-07,dsyb
98,DCM,0.8 to 5,179,4.61E-08,dsyb
98,DCM,0.8 to 5,332,7.79E-08,dsyb
98,DCM,0.8 to 5,66,1.86E-07,dsyb
98,DCM,0.8 to 5,58,6.01E-08,dsyb
51,DCM,180 to 2000,38,3.98E-08,dsyb
22,DCM,5 to 20,12,0,dsyb
22,DCM,5 to 20,35,0,dsyb
148,SRF,5 to 20,1580,0,dsyb
148,SRF,5 to 20,2493,0,dsyb
148,SRF,5 to 20,12,0,dsyb
22,SRF,0.8 to 5,12,0,dsyb
22,SRF,0.8 to 5,36,3.74E-07,dsyb
22,SRF,0.8 to 5,58,0,dsyb
22,SRF,0.8 to 5,66,1.02E-07,dsyb
22,SRF,0.8 to 5,4,4.10E-08,dsyb
22,SRF,0.8 to 5,2743,2.50E-08,dsyb
144,SRF,5 to 20,12,0,dsyb
144,SRF,5 to 20,2493,0,dsyb
46,SRF,20 to 180,166,7.20E-08,dsyb
46,SRF,20 to 180,44,2.61E-07,dsyb
152,SRF,180 to 2000,2493,0,dsyb
144,SRF,0.8 to 5,36,0,dsyb
144,SRF,0.8 to 5,44,4.83E-07,dsyb
144,SRF,0.8 to 5,178,0,dsyb
144,SRF,0.8 to 5,225,3.98E-07,dsyb
46,SRF,0.8 to 5,44,8.10E-08,dsyb
46,SRF,0.8 to 5,178,0,dsyb
46,SRF,0.8 to 5,66,8.17E-08,dsyb
46,SRF,0.8 to 5,76,4.31E-08,dsyb
46,SRF,0.8 to 5,2743,2.70E-08,dsyb
46,SRF,0.8 to 5,179,4.23E-08,dsyb
46,SRF,0.8 to 5,225,3.64E-08,dsyb
46,SRF,0.8 to 5,166,1.15E-07,dsyb
46,SRF,0.8 to 5,36,3.87E-08,dsyb
46,SRF,0.8 to 5,58,3.74E-08,dsyb
46,SRF,0.8 to 5,4,2.70E-08,dsyb
84,SRF,20 to 180,112,0,dsyb
84,SRF,20 to 180,67,1.37E-07,dsyb
84,SRF,20 to 180,30,6.48E-07,dsyb
84,SRF,20 to 180,4,1.70E-06,dsyb
84,SRF,20 to 180,85,0,dsyb
84,SRF,20 to 180,13,1.06E-06,dsyb
84,SRF,20 to 180,74,9.69E-08,dsyb
135,SRF,0.8 to 5,188,8.92E-08,dsyb
135,SRF,0.8 to 5,36,2.03E-07,dsyb
135,SRF,0.8 to 5,166,3.56E-07,dsyb
135,SRF,0.8 to 5,67,0,dsyb
135,SRF,0.8 to 5,58,6.09E-08,dsyb
135,SRF,0.8 to 5,38,2.45E-08,dsyb
135,SRF,0.8 to 5,44,8.28E-08,dsyb
135,SRF,0.8 to 5,178,0,dsyb
135,SRF,0.8 to 5,24,6.09E-08,dsyb
135,SRF,0.8 to 5,13,0,dsyb
135,SRF,0.8 to 5,66,1.89E-07,dsyb
135,SRF,0.8 to 5,2743,4.13E-08,dsyb
135,SRF,0.8 to 5,179,1.64E-07,dsyb
22,SRF,5 to 20,35,0,dsyb
22,SRF,5 to 20,12,0,dsyb
18,SRF,20 to 180,12,0,dsyb
149,SRF,5 to 20,1255,2.05E-06,dsyb
149,SRF,5 to 20,58,4.32E-08,dsyb
149,SRF,5 to 20,1580,0,dsyb
149,SRF,5 to 20,2493,0,dsyb
36,SRF,180 to 2000,179,6.13E-08,dsyb
36,SRF,180 to 2000,44,1.26E-07,dsyb
36,SRF,180 to 2000,166,1.17E-07,dsyb
135,SRF,5 to 20,188,2.34E-08,dsyb
135,SRF,5 to 20,166,8.59E-08,dsyb
135,SRF,5 to 20,36,0,dsyb
135,SRF,5 to 20,58,2.61E-08,dsyb
135,SRF,5 to 20,1255,2.32E-08,dsyb
135,SRF,5 to 20,38,1.89E-07,dsyb
135,SRF,5 to 20,44,3.87E-08,dsyb
135,SRF,5 to 20,59,2.15E-08,dsyb
135,SRF,5 to 20,1580,0,dsyb
135,SRF,5 to 20,66,2.18E-08,dsyb
135,SRF,5 to 20,179,5.33E-08,dsyb
150,DCM,180 to 2000,2493,0,dsyb
142,SRF,180 to 2000,2493,0,dsyb
111,DCM,180 to 2000,2493,0,dsyb
111,DCM,180 to 2000,44,1.45E-07,dsyb
92,SRF,20 to 180,58,4.06E-08,dsyb
92,SRF,180 to 2000,58,8.90E-08,dsyb
92,SRF,180 to 2000,44,8.98E-08,dsyb
131,DCM,0.8 to 5,58,0,dsyb
131,DCM,0.8 to 5,4,3.04E-08,dsyb
131,DCM,0.8 to 5,225,4.26E-08,dsyb
131,DCM,0.8 to 5,166,5.08E-08,dsyb
131,DCM,0.8 to 5,36,3.06E-08,dsyb
131,DCM,0.8 to 5,66,1.73E-07,dsyb
131,DCM,0.8 to 5,2743,3.04E-08,dsyb
131,DCM,0.8 to 5,44,8.28E-08,dsyb
131,DCM,0.8 to 5,178,0,dsyb
135,SRF,180 to 2000,38,3.87E-06,dsyb
65,SRF,20 to 180,46,0,dsyb
65,SRF,20 to 180,12,0,dsyb
80,SRF,180 to 2000,29,6.17E-08,dsyb
80,SRF,180 to 2000,38,2.48E-08,dsyb
64,SRF,0.8 to 5,225,6.84E-08,dsyb
64,SRF,0.8 to 5,4,8.18E-08,dsyb
64,SRF,0.8 to 5,66,6.25E-07,dsyb
64,SRF,0.8 to 5,58,0,dsyb
137,DCM,180 to 2000,332,6.58E-08,dsyb
137,DCM,180 to 2000,44,5.20E-07,dsyb
110,DCM,0.8 to 5,166,2.41E-07,dsyb
110,DCM,0.8 to 5,188,6.85E-08,dsyb
110,DCM,0.8 to 5,58,1.43E-07,dsyb
110,DCM,0.8 to 5,46,0,dsyb
110,DCM,0.8 to 5,44,3.26E-06,dsyb
110,DCM,0.8 to 5,179,8.98E-08,dsyb
110,DCM,0.8 to 5,332,9.01E-08,dsyb
110,DCM,0.8 to 5,66,5.95E-07,dsyb
64,DCM,5 to 20,44,3.80E-08,dsyb
64,DCM,5 to 20,36,0,dsyb
64,DCM,5 to 20,58,3.01E-08,dsyb
18,DCM,0.8 to 5,36,2.05E-07,dsyb
18,DCM,0.8 to 5,178,0,dsyb
18,DCM,0.8 to 5,66,1.27E-07,dsyb
150,DCM,5 to 20,2493,0,dsyb
150,DCM,5 to 20,1580,0,dsyb
150,DCM,5 to 20,1255,1.88E-07,dsyb
81,DCM,20 to 180,58,2.31E-08,dsyb
81,DCM,20 to 180,67,3.58E-08,dsyb
81,DCM,20 to 180,4,2.22E-08,dsyb
81,DCM,20 to 180,13,2.55E-07,dsyb
147,SRF,0.8 to 5,178,0,dsyb
147,SRF,0.8 to 5,225,1.91E-07,dsyb
147,SRF,0.8 to 5,36,3.22E-07,dsyb
147,SRF,0.8 to 5,76,3.27E-08,dsyb
147,SRF,0.8 to 5,66,1.72E-06,dsyb
147,SRF,0.8 to 5,58,3.28E-08,dsyb
147,SRF,0.8 to 5,2743,3.19E-08,dsyb
142,SRF,0.8 to 5,36,2.01E-06,dsyb
142,SRF,0.8 to 5,178,0,dsyb
142,SRF,0.8 to 5,225,1.34E-07,dsyb
142,SRF,0.8 to 5,2743,3.62E-08,dsyb
142,SRF,0.8 to 5,66,7.33E-07,dsyb
142,SRF,0.8 to 5,58,3.86E-08,dsyb
151,SRF,0.8 to 5,66,5.39E-07,dsyb
151,SRF,0.8 to 5,2743,6.44E-08,dsyb
151,SRF,0.8 to 5,178,0,dsyb
151,SRF,0.8 to 5,2493,0,dsyb
151,SRF,0.8 to 5,12,0,dsyb
151,SRF,0.8 to 5,58,9.27E-08,dsyb
151,SRF,0.8 to 5,29,3.09E-08,dsyb
151,SRF,0.8 to 5,225,6.32E-08,dsyb
151,SRF,0.8 to 5,36,5.43E-07,dsyb
150,SRF,0.8 to 5,66,1.91E-06,dsyb
150,SRF,0.8 to 5,2743,5.91E-08,dsyb
150,SRF,0.8 to 5,179,3.94E-08,dsyb
150,SRF,0.8 to 5,44,3.94E-08,dsyb
150,SRF,0.8 to 5,67,9.94E-08,dsyb
150,SRF,0.8 to 5,58,5.42E-08,dsyb
150,SRF,0.8 to 5,225,1.01E-07,dsyb
150,SRF,0.8 to 5,166,1.16E-07,dsyb
150,SRF,0.8 to 5,36,4.75E-07,dsyb
51,DCM,0.8 to 5,225,9.76E-08,dsyb
51,DCM,0.8 to 5,166,3.41E-07,dsyb
51,DCM,0.8 to 5,36,3.99E-07,dsyb
51,DCM,0.8 to 5,188,1.30E-07,dsyb
51,DCM,0.8 to 5,67,0,dsyb
51,DCM,0.8 to 5,58,8.60E-08,dsyb
51,DCM,0.8 to 5,178,0,dsyb
51,DCM,0.8 to 5,44,8.38E-07,dsyb
51,DCM,0.8 to 5,13,0,dsyb
51,DCM,0.8 to 5,66,1.83E-06,dsyb
51,DCM,0.8 to 5,179,2.01E-07,dsyb
51,DCM,0.8 to 5,332,1.18E-07,dsyb
135,DCM,0.8 to 5,188,3.50E-06,dsyb
135,DCM,0.8 to 5,166,2.30E-06,dsyb
135,DCM,0.8 to 5,36,1.03E-07,dsyb
135,DCM,0.8 to 5,58,1.56E-07,dsyb
135,DCM,0.8 to 5,44,1.11E-06,dsyb
135,DCM,0.8 to 5,24,1.02E-06,dsyb
135,DCM,0.8 to 5,66,4.82E-07,dsyb
135,DCM,0.8 to 5,332,1.36E-07,dsyb
135,DCM,0.8 to 5,179,3.61E-06,dsyb
70,SRF,20 to 180,46,0,dsyb
70,SRF,20 to 180,58,3.37E-08,dsyb
70,SRF,20 to 180,2493,0,dsyb
70,SRF,20 to 180,44,3.13E-08,dsyb
70,SRF,20 to 180,12,0,dsyb
52,SRF,180 to 2000,2493,0,dsyb
52,SRF,180 to 2000,44,2.10E-08,dsyb
52,SRF,180 to 2000,13,0,dsyb
52,SRF,180 to 2000,4,2.68E-08,dsyb
52,SRF,180 to 2000,38,2.07E-08,dsyb
52,SRF,180 to 2000,112,0,dsyb
102,SRF,180 to 2000,332,3.70E-08,dsyb
102,SRF,180 to 2000,44,3.25E-07,dsyb
100,DCM,180 to 2000,2493,0,dsyb
100,DCM,180 to 2000,44,1.30E-07,dsyb
100,DCM,180 to 2000,332,2.60E-08,dsyb
100,DCM,20 to 180,332,1.18E-07,dsyb
100,DCM,20 to 180,44,1.18E-06,dsyb
100,DCM,20 to 180,12,0,dsyb
146,SRF,5 to 20,1255,8.72E-08,dsyb
146,SRF,5 to 20,1580,0,dsyb
146,SRF,5 to 20,2493,0,dsyb
72,SRF,20 to 180,46,0,dsyb
123,SRF,0.8 to 5,13,0,dsyb
123,SRF,0.8 to 5,44,5.23E-06,dsyb
123,SRF,0.8 to 5,2743,5.23E-08,dsyb
123,SRF,0.8 to 5,76,1.50E-06,dsyb
123,SRF,0.8 to 5,66,5.03E-07,dsyb
123,SRF,0.8 to 5,36,9.72E-08,dsyb
123,SRF,0.8 to 5,225,2.92E-08,dsyb
123,SRF,0.8 to 5,58,1.72E-07,dsyb
23,SRF,20 to 180,12,0,dsyb
23,SRF,20 to 180,13,0,dsyb
23,SRF,20 to 180,35,0,dsyb
23,SRF,20 to 180,38,3.44E-08,dsyb
128,DCM,20 to 180,46,0,dsyb
128,DCM,20 to 180,332,4.80E-08,dsyb
128,DCM,20 to 180,179,8.15E-08,dsyb
128,DCM,20 to 180,44,6.03E-07,dsyb
128,DCM,20 to 180,166,7.69E-08,dsyb
102,DCM,20 to 180,332,7.25E-08,dsyb
102,DCM,20 to 180,44,1.04E-06,dsyb
76,DCM,5 to 20,44,5.71E-08,dsyb
102,DCM,180 to 2000,44,5.82E-07,dsyb
102,DCM,180 to 2000,332,5.69E-08,dsyb
102,DCM,180 to 2000,58,0,dsyb
41,DCM,20 to 180,188,4.91E-08,dsyb
41,DCM,20 to 180,166,7.66E-08,dsyb
41,DCM,20 to 180,46,0,dsyb
82,SRF,180 to 2000,74,0,dsyb
82,SRF,180 to 2000,85,0,dsyb
82,SRF,180 to 2000,13,2.09E-06,dsyb
82,SRF,180 to 2000,67,7.34E-08,dsyb
82,SRF,180 to 2000,30,8.54E-08,dsyb
82,SRF,180 to 2000,4,2.77E-07,dsyb
82,SRF,180 to 2000,112,0,dsyb
46,SRF,180 to 2000,166,7.31E-08,dsyb
125,SRF,0.8 to 5,36,2.76E-08,dsyb
125,SRF,0.8 to 5,44,1.08E-05,dsyb
125,SRF,0.8 to 5,2743,7.81E-08,dsyb
125,SRF,0.8 to 5,58,6.02E-08,dsyb
125,SRF,0.8 to 5,66,2.91E-07,dsyb
137,SRF,0.8 to 5,58,6.64E-08,dsyb
137,SRF,0.8 to 5,4,1.01E-07,dsyb
137,SRF,0.8 to 5,225,4.16E-08,dsyb
137,SRF,0.8 to 5,36,8.11E-08,dsyb
137,SRF,0.8 to 5,166,5.16E-08,dsyb
137,SRF,0.8 to 5,66,3.52E-07,dsyb
137,SRF,0.8 to 5,332,3.48E-08,dsyb
137,SRF,0.8 to 5,2743,2.68E-08,dsyb
137,SRF,0.8 to 5,179,2.27E-08,dsyb
137,SRF,0.8 to 5,44,4.31E-06,dsyb
122,SRF,0.8 to 5,44,1.53E-06,dsyb
122,SRF,0.8 to 5,58,1.16E-07,dsyb
122,SRF,0.8 to 5,66,3.08E-08,dsyb
122,SRF,0.8 to 5,332,4.03E-08,dsyb
124,SRF,5 to 20,332,1.86E-07,dsyb
124,SRF,5 to 20,44,1.49E-06,dsyb
139,SRF,180 to 2000,44,2.77E-07,dsyb
41,DCM,5 to 20,178,0,dsyb
41,DCM,5 to 20,44,3.08E-07,dsyb
41,DCM,5 to 20,166,1.49E-06,dsyb
41,DCM,5 to 20,66,2.83E-07,dsyb
41,DCM,5 to 20,179,5.49E-07,dsyb
36,DCM,0.8 to 5,58,2.54E-08,dsyb
36,DCM,0.8 to 5,188,3.67E-08,dsyb
36,DCM,0.8 to 5,166,2.88E-06,dsyb
36,DCM,0.8 to 5,36,0,dsyb
36,DCM,0.8 to 5,179,1.02E-06,dsyb
36,DCM,0.8 to 5,66,3.33E-07,dsyb
36,DCM,0.8 to 5,76,2.60E-08,dsyb
36,DCM,0.8 to 5,44,2.25E-07,dsyb
36,DCM,0.8 to 5,178,0,dsyb
81,DCM,180 to 2000,112,0,dsyb
81,DCM,180 to 2000,4,2.42E-08,dsyb
81,DCM,180 to 2000,67,0,dsyb
81,DCM,180 to 2000,58,2.85E-08,dsyb
81,DCM,180 to 2000,13,1.66E-07,dsyb
146,SRF,20 to 180,2493,0,dsyb
146,SRF,20 to 180,12,0,dsyb
146,SRF,20 to 180,38,3.73E-08,dsyb
41,SRF,20 to 180,46,0,dsyb
124,SRF,20 to 180,44,1.21E-06,dsyb
124,SRF,20 to 180,332,9.22E-08,dsyb
152,SRF,5 to 20,1255,2.44E-07,dsyb
131,DCM,5 to 20,12,0,dsyb
85,SRF,0.8 to 5,112,0,dsyb
85,SRF,0.8 to 5,67,5.76E-06,dsyb
85,SRF,0.8 to 5,58,0,dsyb
85,SRF,0.8 to 5,4,2.23E-05,dsyb
85,SRF,0.8 to 5,85,0,dsyb
85,SRF,0.8 to 5,74,1.74E-06,dsyb
85,SRF,0.8 to 5,30,1.70E-07,dsyb
85,SRF,0.8 to 5,13,1.12E-05,dsyb
110,SRF,20 to 180,44,2.36E-07,dsyb
110,SRF,20 to 180,46,0,dsyb
110,SRF,20 to 180,58,0,dsyb
142,DCM,5 to 20,44,2.67E-08,dsyb
65,SRF,5 to 20,46,0,dsyb
65,SRF,5 to 20,178,0,dsyb
68,SRF,0.8 to 5,2743,3.07E-08,dsyb
68,SRF,0.8 to 5,66,6.76E-07,dsyb
68,SRF,0.8 to 5,24,2.21E-07,dsyb
68,SRF,0.8 to 5,13,2.95E-08,dsyb
68,SRF,0.8 to 5,178,0,dsyb
68,SRF,0.8 to 5,44,1.14E-07,dsyb
68,SRF,0.8 to 5,747,2.57E-08,dsyb
68,SRF,0.8 to 5,58,7.43E-08,dsyb
68,SRF,0.8 to 5,36,2.70E-07,dsyb
68,SRF,0.8 to 5,166,4.43E-08,dsyb
68,SRF,0.8 to 5,225,8.80E-08,dsyb
137,DCM,20 to 180,44,2.14E-07,dsyb
137,DCM,20 to 180,13,2.33E-08,dsyb
137,DCM,20 to 180,58,0,dsyb
137,DCM,20 to 180,35,0,dsyb
137,DCM,20 to 180,46,0,dsyb
137,DCM,20 to 180,332,2.46E-08,dsyb
152,SRF,0.8 to 5,36,2.37E-07,dsyb
152,SRF,0.8 to 5,166,1.49E-07,dsyb
152,SRF,0.8 to 5,29,8.46E-08,dsyb
152,SRF,0.8 to 5,225,9.13E-08,dsyb
152,SRF,0.8 to 5,58,1.75E-07,dsyb
152,SRF,0.8 to 5,44,1.81E-07,dsyb
152,SRF,0.8 to 5,59,4.20E-08,dsyb
152,SRF,0.8 to 5,2743,9.43E-08,dsyb
152,SRF,0.8 to 5,179,4.49E-08,dsyb
152,SRF,0.8 to 5,66,3.64E-07,dsyb
76,SRF,180 to 2000,38,2.31E-08,dsyb
76,SRF,180 to 2000,179,3.86E-08,dsyb
76,SRF,180 to 2000,2493,0,dsyb
76,SRF,180 to 2000,166,1.65E-07,dsyb
146,SRF,0.8 to 5,66,2.33E-06,dsyb
146,SRF,0.8 to 5,44,3.24E-08,dsyb
146,SRF,0.8 to 5,178,0,dsyb
146,SRF,0.8 to 5,12,0,dsyb
146,SRF,0.8 to 5,58,2.09E-07,dsyb
146,SRF,0.8 to 5,4,0,dsyb
146,SRF,0.8 to 5,112,0,dsyb
146,SRF,0.8 to 5,225,1.74E-07,dsyb
146,SRF,0.8 to 5,166,3.68E-08,dsyb
146,SRF,0.8 to 5,36,2.61E-07,dsyb
144,SRF,180 to 2000,2493,0,dsyb
144,SRF,180 to 2000,38,9.32E-08,dsyb
144,SRF,180 to 2000,46,0,dsyb
52,DCM,180 to 2000,38,4.42E-08,dsyb
52,DCM,180 to 2000,2493,0,dsyb
52,DCM,180 to 2000,44,2.05E-07,dsyb
132,SRF,5 to 20,46,0,dsyb
72,SRF,5 to 20,13,6.04E-08,dsyb
72,SRF,5 to 20,38,5.52E-08,dsyb
72,SRF,5 to 20,4,3.33E-08,dsyb
72,SRF,5 to 20,1580,0,dsyb
72,SRF,5 to 20,67,0,dsyb
100,SRF,5 to 20,2743,4.42E-08,dsyb
100,SRF,5 to 20,58,1.13E-07,dsyb
100,SRF,5 to 20,12,0,dsyb
100,SRF,5 to 20,44,9.74E-07,dsyb
36,DCM,20 to 180,188,2.57E-08,dsyb
36,DCM,20 to 180,166,2.04E-07,dsyb
36,DCM,20 to 180,58,3.52E-08,dsyb
36,DCM,20 to 180,46,0,dsyb
36,DCM,20 to 180,179,7.83E-08,dsyb
76,DCM,180 to 2000,38,3.87E-08,dsyb
138,DCM,5 to 20,44,1.85E-07,dsyb
138,DCM,5 to 20,166,2.60E-08,dsyb
138,DCM,5 to 20,12,0,dsyb
138,DCM,5 to 20,35,0,dsyb
138,DCM,5 to 20,46,0,dsyb
138,DCM,5 to 20,332,2.67E-08,dsyb
22,DCM,20 to 180,12,0,dsyb
22,DCM,20 to 180,35,0,dsyb
38,SRF,0.8 to 5,179,3.55E-06,dsyb
38,SRF,0.8 to 5,66,6.48E-07,dsyb
38,SRF,0.8 to 5,36,0,dsyb
38,SRF,0.8 to 5,166,8.30E-06,dsyb
38,SRF,0.8 to 5,188,4.45E-08,dsyb
38,SRF,0.8 to 5,44,4.52E-07,dsyb
132,SRF,180 to 2000,38,6.59E-08,dsyb
23,SRF,0.8 to 5,36,8.57E-08,dsyb
23,SRF,0.8 to 5,2743,3.09E-08,dsyb
23,SRF,0.8 to 5,66,8.58E-08,dsyb
67,SRF,180 to 2000,44,1.14E-07,dsyb
132,DCM,5 to 20,12,0,dsyb
128,SRF,180 to 2000,44,1.22E-06,dsyb
128,SRF,180 to 2000,166,1.41E-07,dsyb
128,SRF,180 to 2000,332,1.15E-07,dsyb
83,SRF,5 to 20,112,0,dsyb
83,SRF,5 to 20,67,0,dsyb
83,SRF,5 to 20,4,4.81E-08,dsyb
83,SRF,5 to 20,13,1.67E-07,dsyb
39,SRF,180 to 2000,166,3.68E-08,dsyb
68,DCM,0.8 to 5,58,5.67E-08,dsyb
68,DCM,0.8 to 5,166,1.78E-07,dsyb
68,DCM,0.8 to 5,36,4.69E-08,dsyb
68,DCM,0.8 to 5,188,2.84E-08,dsyb
68,DCM,0.8 to 5,66,1.07E-07,dsyb
68,DCM,0.8 to 5,179,6.24E-08,dsyb
68,DCM,0.8 to 5,332,2.40E-07,dsyb
68,DCM,0.8 to 5,2743,2.39E-08,dsyb
68,DCM,0.8 to 5,178,0,dsyb
68,DCM,0.8 to 5,59,2.36E-08,dsyb
68,DCM,0.8 to 5,44,6.27E-07,dsyb
68,DCM,0.8 to 5,24,9.79E-08,dsyb
68,DCM,0.8 to 5,12,0,dsyb
144,SRF,20 to 180,12,0,dsyb
144,SRF,20 to 180,178,0,dsyb
144,SRF,20 to 180,44,7.57E-08,dsyb
132,DCM,180 to 2000,38,5.03E-08,dsyb
36,DCM,5 to 20,166,4.21E-07,dsyb
36,DCM,5 to 20,179,1.94E-07,dsyb
36,DCM,5 to 20,46,0,dsyb
111,DCM,5 to 20,178,0,dsyb
111,DCM,5 to 20,44,6.41E-07,dsyb
111,DCM,5 to 20,24,1.10E-06,dsyb
111,DCM,5 to 20,66,2.67E-07,dsyb
111,DCM,5 to 20,1580,0,dsyb
111,DCM,5 to 20,179,4.05E-07,dsyb
111,DCM,5 to 20,166,5.14E-07,dsyb
111,DCM,5 to 20,36,2.95E-07,dsyb
111,DCM,5 to 20,188,2.25E-07,dsyb
111,DCM,5 to 20,58,7.18E-08,dsyb
111,DCM,5 to 20,38,1.42E-07,dsyb
92,SRF,5 to 20,13,1.57E-07,dsyb
92,SRF,5 to 20,4,1.62E-07,dsyb
92,SRF,5 to 20,67,8.13E-08,dsyb
92,SRF,5 to 20,58,3.69E-07,dsyb
147,SRF,180 to 2000,38,8.82E-08,dsyb
147,SRF,180 to 2000,2493,0,dsyb
150,DCM,20 to 180,12,0,dsyb
150,DCM,20 to 180,2493,0,dsyb
150,DCM,20 to 180,46,0,dsyb
78,SRF,5 to 20,44,1.62E-07,dsyb
110,DCM,180 to 2000,44,2.78E-07,dsyb
84,SRF,0.8 to 5,112,0,dsyb
84,SRF,0.8 to 5,30,1.37E-07,dsyb
84,SRF,0.8 to 5,67,5.15E-08,dsyb
84,SRF,0.8 to 5,4,9.60E-07,dsyb
84,SRF,0.8 to 5,85,0,dsyb
84,SRF,0.8 to 5,13,1.63E-06,dsyb
84,SRF,0.8 to 5,74,1.89E-07,dsyb
135,DCM,180 to 2000,188,2.07E-08,dsyb
135,DCM,180 to 2000,166,2.07E-08,dsyb
135,DCM,180 to 2000,2493,0,dsyb
135,DCM,180 to 2000,179,2.46E-08,dsyb
135,DCM,180 to 2000,38,4.07E-07,dsyb
135,DCM,180 to 2000,58,2.09E-08,dsyb
128,DCM,5 to 20,58,6.72E-08,dsyb
128,DCM,5 to 20,1255,2.49E-07,dsyb
128,DCM,5 to 20,44,2.37E-07,dsyb
128,DCM,5 to 20,166,2.40E-08,dsyb
72,DCM,5 to 20,12,0,dsyb
72,DCM,5 to 20,13,0,dsyb
72,DCM,5 to 20,1580,0,dsyb
23,DCM,0.8 to 5,2743,3.30E-08,dsyb
23,DCM,0.8 to 5,66,2.43E-07,dsyb
23,DCM,0.8 to 5,58,3.30E-08,dsyb
23,DCM,0.8 to 5,36,1.68E-07,dsyb
23,DCM,0.8 to 5,178,0,dsyb
23,DCM,0.8 to 5,225,3.30E-08,dsyb
123,SRF,180 to 2000,44,4.98E-07,dsyb
123,SRF,180 to 2000,332,5.57E-08,dsyb
132,DCM,0.8 to 5,188,3.92E-08,dsyb
132,DCM,0.8 to 5,12,0,dsyb
132,DCM,0.8 to 5,166,2.05E-07,dsyb
132,DCM,0.8 to 5,44,7.70E-07,dsyb
132,DCM,0.8 to 5,332,5.82E-08,dsyb
132,DCM,0.8 to 5,179,1.02E-07,dsyb
132,DCM,0.8 to 5,58,0,dsyb
36,DCM,180 to 2000,166,9.59E-08,dsyb
36,DCM,180 to 2000,179,6.01E-08,dsyb
85,DCM,180 to 2000,74,1.07E-07,dsyb
85,DCM,180 to 2000,85,0,dsyb
85,DCM,180 to 2000,13,3.25E-07,dsyb
85,DCM,180 to 2000,67,0,dsyb
85,DCM,180 to 2000,30,2.07E-07,dsyb
85,DCM,180 to 2000,4,3.64E-07,dsyb
85,DCM,180 to 2000,112,0,dsyb
151,DCM,20 to 180,46,0,dsyb
151,DCM,20 to 180,35,0,dsyb
151,DCM,20 to 180,12,0,dsyb
151,DCM,20 to 180,2493,0,dsyb
98,SRF,5 to 20,44,5.61E-08,dsyb
98,SRF,5 to 20,46,0,dsyb
36,SRF,20 to 180,46,0,dsyb
36,SRF,20 to 180,179,2.33E-07,dsyb
36,SRF,20 to 180,188,1.02E-07,dsyb
36,SRF,20 to 180,166,5.71E-07,dsyb
124,SRF,0.8 to 5,2743,6.45E-08,dsyb
124,SRF,0.8 to 5,58,5.99E-08,dsyb
124,SRF,0.8 to 5,76,3.26E-08,dsyb
124,SRF,0.8 to 5,66,9.53E-08,dsyb
124,SRF,0.8 to 5,36,3.64E-08,dsyb
124,SRF,0.8 to 5,44,2.05E-05,dsyb
124,SRF,0.8 to 5,225,2.79E-08,dsyb
151,SRF,20 to 180,46,0,dsyb
151,SRF,20 to 180,2493,0,dsyb
151,SRF,20 to 180,12,0,dsyb
109,SRF,20 to 180,44,2.39E-07,dsyb
109,SRF,20 to 180,166,2.43E-08,dsyb
109,SRF,20 to 180,46,0,dsyb
39,DCM,0.8 to 5,188,7.02E-08,dsyb
39,DCM,0.8 to 5,36,0,dsyb
39,DCM,0.8 to 5,166,2.21E-06,dsyb
39,DCM,0.8 to 5,4,0,dsyb
39,DCM,0.8 to 5,44,2.43E-07,dsyb
39,DCM,0.8 to 5,178,0,dsyb
39,DCM,0.8 to 5,66,4.57E-07,dsyb
39,DCM,0.8 to 5,179,7.50E-07,dsyb
128,SRF,20 to 180,332,8.30E-08,dsyb
128,SRF,20 to 180,44,8.23E-07,dsyb
124,SRF,180 to 2000,2493,0,dsyb
124,SRF,180 to 2000,44,8.26E-08,dsyb
124,SRF,180 to 2000,58,4.46E-08,dsyb
85,DCM,5 to 20,13,7.33E-07,dsyb
85,DCM,5 to 20,74,3.47E-07,dsyb
85,DCM,5 to 20,112,0,dsyb
85,DCM,5 to 20,30,2.62E-07,dsyb
85,DCM,5 to 20,67,0,dsyb
85,DCM,5 to 20,4,6.50E-07,dsyb
110,SRF,180 to 2000,44,7.09E-07,dsyb
110,SRF,180 to 2000,38,6.73E-08,dsyb
110,SRF,180 to 2000,332,6.05E-08,dsyb
135,DCM,5 to 20,179,6.23E-08,dsyb
135,DCM,5 to 20,38,1.04E-07,dsyb
135,DCM,5 to 20,1255,5.33E-08,dsyb
135,DCM,5 to 20,166,6.19E-08,dsyb
135,DCM,5 to 20,12,0,dsyb
135,DCM,5 to 20,188,4.97E-08,dsyb
135,DCM,5 to 20,44,3.51E-08,dsyb
30,SRF,180 to 2000,2493,0,dsyb
151,SRF,180 to 2000,2493,0,dsyb
25,DCM,5 to 20,12,0,dsyb
72,DCM,0.8 to 5,58,4.11E-08,dsyb
72,DCM,0.8 to 5,188,8.05E-08,dsyb
72,DCM,0.8 to 5,36,0,dsyb
72,DCM,0.8 to 5,166,2.40E-06,dsyb
72,DCM,0.8 to 5,2743,4.11E-08,dsyb
72,DCM,0.8 to 5,332,8.30E-08,dsyb
72,DCM,0.8 to 5,179,1.74E-07,dsyb
72,DCM,0.8 to 5,66,1.40E-07,dsyb
72,DCM,0.8 to 5,44,1.24E-06,dsyb
68,SRF,180 to 2000,44,4.76E-08,dsyb
68,SRF,180 to 2000,58,0,dsyb
80,DCM,20 to 180,46,0,dsyb
80,DCM,20 to 180,12,0,dsyb
80,DCM,20 to 180,59,3.92E-08,dsyb
98,SRF,20 to 180,46,0,dsyb
98,SRF,20 to 180,12,0,dsyb
98,SRF,20 to 180,44,3.17E-08,dsyb
149,SRF,180 to 2000,38,8.86E-08,dsyb
149,SRF,180 to 2000,2493,0,dsyb
52,DCM,20 to 180,46,0,dsyb
52,DCM,20 to 180,58,0,dsyb
52,DCM,20 to 180,4,2.66E-08,dsyb
52,DCM,20 to 180,332,2.82E-08,dsyb
52,DCM,20 to 180,44,1.43E-07,dsyb
52,DCM,20 to 180,2493,0,dsyb
52,DCM,20 to 180,12,0,dsyb
135,DCM,20 to 180,188,3.46E-08,dsyb
135,DCM,20 to 180,166,8.90E-08,dsyb
135,DCM,20 to 180,58,2.91E-08,dsyb
135,DCM,20 to 180,38,1.97E-08,dsyb
135,DCM,20 to 180,44,1.97E-08,dsyb
135,DCM,20 to 180,59,2.06E-08,dsyb
135,DCM,20 to 180,12,0,dsyb
135,DCM,20 to 180,35,0,dsyb
135,DCM,20 to 180,179,3.56E-08,dsyb
66,DCM,5 to 20,332,8.42E-08,dsyb
66,DCM,5 to 20,44,1.98E-07,dsyb
64,SRF,20 to 180,44,3.84E-08,dsyb
64,SRF,20 to 180,46,0,dsyb
41,SRF,0.8 to 5,13,9.91E-08,dsyb
41,SRF,0.8 to 5,166,3.56E-07,dsyb
41,SRF,0.8 to 5,179,1.64E-07,dsyb
41,SRF,0.8 to 5,66,2.78E-07,dsyb
138,DCM,180 to 2000,44,4.65E-07,dsyb
138,DCM,180 to 2000,332,1.44E-07,dsyb
4,SRF,0.8 to 5,44,8.45E-08,dsyb
4,SRF,0.8 to 5,178,0,dsyb
4,SRF,0.8 to 5,2743,2.64E-08,dsyb
4,SRF,0.8 to 5,66,2.07E-07,dsyb
4,SRF,0.8 to 5,36,6.34E-07,dsyb
4,SRF,0.8 to 5,29,3.75E-06,dsyb
4,SRF,0.8 to 5,747,4.94E-08,dsyb
4,SRF,0.8 to 5,58,2.76E-08,dsyb
137,SRF,180 to 2000,332,1.52E-07,dsyb
137,SRF,180 to 2000,166,8.69E-08,dsyb
137,SRF,180 to 2000,44,1.03E-06,dsyb
25,SRF,5 to 20,12,0,dsyb
25,SRF,5 to 20,35,0,dsyb
38,SRF,20 to 180,166,1.93E-07,dsyb
38,SRF,20 to 180,46,0,dsyb
38,SRF,20 to 180,179,6.42E-08,dsyb
125,SRF,20 to 180,44,7.91E-07,dsyb
125,SRF,20 to 180,332,1.24E-07,dsyb
125,SRF,20 to 180,58,0,dsyb
122,SRF,20 to 180,44,2.42E-06,dsyb
122,SRF,20 to 180,332,2.79E-07,dsyb
4,DCM,0.8 to 5,66,3.76E-08,dsyb
4,DCM,0.8 to 5,35,0,dsyb
4,DCM,0.8 to 5,12,0,dsyb
4,DCM,0.8 to 5,59,5.14E-08,dsyb
142,DCM,0.8 to 5,66,7.32E-08,dsyb
142,DCM,0.8 to 5,178,0,dsyb
142,DCM,0.8 to 5,36,0,dsyb
68,SRF,20 to 180,46,0,dsyb
68,SRF,20 to 180,12,0,dsyb
68,SRF,20 to 180,44,3.12E-08,dsyb
100,SRF,0.8 to 5,58,3.57E-08,dsyb
100,SRF,0.8 to 5,67,3.99E-08,dsyb
100,SRF,0.8 to 5,36,2.68E-08,dsyb
100,SRF,0.8 to 5,225,2.23E-08,dsyb
100,SRF,0.8 to 5,2743,1.60E-07,dsyb
100,SRF,0.8 to 5,332,3.21E-08,dsyb
100,SRF,0.8 to 5,66,7.91E-08,dsyb
100,SRF,0.8 to 5,44,2.11E-06,dsyb
41,SRF,5 to 20,46,0,dsyb
93,SRF,5 to 20,38,2.95E-08,dsyb
131,SRF,5 to 20,46,0,dsyb
131,SRF,5 to 20,2493,0,dsyb
131,SRF,5 to 20,36,0,dsyb
131,SRF,5 to 20,12,0,dsyb
80,DCM,180 to 2000,38,2.79E-08,dsyb
110,SRF,0.8 to 5,36,9.32E-08,dsyb
110,SRF,0.8 to 5,166,2.70E-07,dsyb
110,SRF,0.8 to 5,225,4.38E-08,dsyb
110,SRF,0.8 to 5,67,0,dsyb
110,SRF,0.8 to 5,58,7.66E-08,dsyb
110,SRF,0.8 to 5,13,0,dsyb
110,SRF,0.8 to 5,44,5.67E-06,dsyb
110,SRF,0.8 to 5,179,8.56E-08,dsyb
110,SRF,0.8 to 5,332,4.11E-07,dsyb
110,SRF,0.8 to 5,66,2.10E-07,dsyb
93,SRF,180 to 2000,38,2.59E-08,dsyb
139,SRF,5 to 20,58,0,dsyb
139,SRF,5 to 20,1580,0,dsyb
139,SRF,5 to 20,179,3.13E-08,dsyb
139,SRF,5 to 20,44,2.35E-07,dsyb
139,SRF,5 to 20,166,8.09E-08,dsyb
38,SRF,180 to 2000,166,2.35E-07,dsyb
38,SRF,180 to 2000,44,3.37E-08,dsyb
38,SRF,180 to 2000,179,7.38E-08,dsyb
142,DCM,20 to 180,46,0,dsyb
142,DCM,20 to 180,12,0,dsyb
39,SRF,0.8 to 5,225,2.62E-08,dsyb
39,SRF,0.8 to 5,36,6.23E-08,dsyb
39,SRF,0.8 to 5,166,9.37E-07,dsyb
39,SRF,0.8 to 5,58,2.62E-08,dsyb
39,SRF,0.8 to 5,66,2.19E-07,dsyb
39,SRF,0.8 to 5,2743,5.20E-08,dsyb
39,SRF,0.8 to 5,179,4.27E-07,dsyb
4,DCM,5 to 20,12,0,dsyb
4,DCM,5 to 20,36,3.10E-08,dsyb
4,DCM,5 to 20,58,0,dsyb
4,DCM,5 to 20,1255,4.48E-08,dsyb
4,DCM,5 to 20,179,2.41E-08,dsyb
30,DCM,20 to 180,12,0,dsyb
23,DCM,20 to 180,12,0,dsyb
23,DCM,20 to 180,58,2.93E-08,dsyb
23,DCM,20 to 180,35,0,dsyb
23,SRF,180 to 2000,38,4.15E-08,dsyb
80,DCM,5 to 20,12,0,dsyb
80,DCM,5 to 20,44,6.15E-08,dsyb
70,SRF,5 to 20,332,2.85E-08,dsyb
70,SRF,5 to 20,58,3.72E-08,dsyb
70,SRF,5 to 20,1580,0,dsyb
70,SRF,5 to 20,44,1.66E-07,dsyb
70,SRF,5 to 20,2493,0,dsyb
82,SRF,0.8 to 5,66,3.26E-08,dsyb
82,SRF,0.8 to 5,30,3.79E-07,dsyb
82,SRF,0.8 to 5,13,3.86E-05,dsyb
82,SRF,0.8 to 5,24,3.23E-08,dsyb
82,SRF,0.8 to 5,4,4.92E-06,dsyb
82,SRF,0.8 to 5,67,1.42E-06,dsyb
82,SRF,0.8 to 5,58,0,dsyb
82,SRF,0.8 to 5,112,0,dsyb
82,SRF,0.8 to 5,74,1.17E-07,dsyb
82,SRF,0.8 to 5,85,0,dsyb
72,SRF,180 to 2000,44,2.24E-08,dsyb
72,SRF,180 to 2000,12,0,dsyb
72,SRF,180 to 2000,46,0,dsyb
52,SRF,0.8 to 5,332,7.67E-08,dsyb
52,SRF,0.8 to 5,66,2.46E-07,dsyb
52,SRF,0.8 to 5,44,5.55E-07,dsyb
52,SRF,0.8 to 5,178,0,dsyb
52,SRF,0.8 to 5,58,3.58E-08,dsyb
52,SRF,0.8 to 5,36,8.60E-08,dsyb
52,SRF,0.8 to 5,166,7.06E-08,dsyb
52,SRF,0.8 to 5,225,3.74E-08,dsyb
139,SRF,0.8 to 5,4,2.83E-08,dsyb
139,SRF,0.8 to 5,58,7.09E-08,dsyb
139,SRF,0.8 to 5,36,6.21E-08,dsyb
139,SRF,0.8 to 5,166,4.90E-07,dsyb
139,SRF,0.8 to 5,179,1.89E-07,dsyb
139,SRF,0.8 to 5,2743,4.13E-08,dsyb
139,SRF,0.8 to 5,66,3.89E-07,dsyb
139,SRF,0.8 to 5,44,9.27E-06,dsyb
7,DCM,0.8 to 5,29,9.77E-08,dsyb
7,DCM,0.8 to 5,178,0,dsyb
7,DCM,0.8 to 5,36,4.45E-08,dsyb
7,DCM,0.8 to 5,66,1.37E-07,dsyb
7,DCM,0.8 to 5,179,4.76E-08,dsyb
102,SRF,5 to 20,36,0,dsyb
102,SRF,5 to 20,44,1.96E-06,dsyb
102,SRF,5 to 20,332,5.01E-08,dsyb
102,SRF,5 to 20,1580,0,dsyb
102,SRF,5 to 20,58,1.08E-07,dsyb
76,SRF,5 to 20,44,4.04E-08,dsyb
132,SRF,20 to 180,46,0,dsyb
143,DCM,180 to 2000,38,5.80E-08,dsyb
18,DCM,20 to 180,12,0,dsyb
18,DCM,20 to 180,46,0,dsyb
66,DCM,0.8 to 5,24,3.56E-08,dsyb
66,DCM,0.8 to 5,179,6.23E-08,dsyb
66,DCM,0.8 to 5,2743,3.89E-08,dsyb
66,DCM,0.8 to 5,332,4.37E-08,dsyb
66,DCM,0.8 to 5,76,5.07E-08,dsyb
66,DCM,0.8 to 5,36,1.32E-07,dsyb
66,DCM,0.8 to 5,1255,2.54E-08,dsyb
66,DCM,0.8 to 5,4,5.34E-08,dsyb
66,DCM,0.8 to 5,67,3.44E-08,dsyb
66,DCM,0.8 to 5,13,7.41E-08,dsyb
66,DCM,0.8 to 5,178,0,dsyb
66,DCM,0.8 to 5,44,3.19E-07,dsyb
66,DCM,0.8 to 5,66,2.56E-07,dsyb
66,DCM,0.8 to 5,166,1.67E-07,dsyb
66,DCM,0.8 to 5,188,2.71E-08,dsyb
66,DCM,0.8 to 5,74,5.34E-08,dsyb
66,DCM,0.8 to 5,58,9.02E-08,dsyb
111,SRF,0.8 to 5,58,0,dsyb
111,SRF,0.8 to 5,66,4.05E-08,dsyb
111,SRF,0.8 to 5,2743,3.95E-08,dsyb
111,SRF,0.8 to 5,332,2.13E-07,dsyb
111,SRF,0.8 to 5,44,1.81E-06,dsyb
111,SRF,0.8 to 5,36,4.24E-08,dsyb
138,DCM,0.8 to 5,178,0,dsyb
138,DCM,0.8 to 5,44,7.13E-07,dsyb
138,DCM,0.8 to 5,76,3.66E-08,dsyb
138,DCM,0.8 to 5,66,1.93E-07,dsyb
138,DCM,0.8 to 5,2743,2.81E-08,dsyb
138,DCM,0.8 to 5,332,4.52E-08,dsyb
138,DCM,0.8 to 5,166,6.76E-08,dsyb
138,DCM,0.8 to 5,36,1.50E-07,dsyb
138,DCM,0.8 to 5,58,4.93E-08,dsyb
152,SRF,20 to 180,59,1.78E-07,dsyb
152,SRF,20 to 180,12,0,dsyb
152,SRF,20 to 180,35,0,dsyb
143,DCM,20 to 180,12,0,dsyb
143,DCM,20 to 180,2493,0,dsyb
143,DCM,20 to 180,46,0,dsyb
150,DCM,0.8 to 5,44,2.65E-07,dsyb
150,DCM,0.8 to 5,178,0,dsyb
150,DCM,0.8 to 5,66,2.25E-07,dsyb
150,DCM,0.8 to 5,2743,4.46E-08,dsyb
150,DCM,0.8 to 5,179,7.96E-08,dsyb
150,DCM,0.8 to 5,188,3.45E-08,dsyb
150,DCM,0.8 to 5,166,2.01E-07,dsyb
150,DCM,0.8 to 5,36,9.59E-08,dsyb
150,DCM,0.8 to 5,58,3.04E-08,dsyb
22,SRF,20 to 180,12,0,dsyb
22,SRF,20 to 180,35,0,dsyb
26,SRF,20 to 180,12,0,dsyb
93,DCM,0.8 to 5,166,2.23E-07,dsyb
93,DCM,0.8 to 5,36,0,dsyb
93,DCM,0.8 to 5,188,3.75E-08,dsyb
93,DCM,0.8 to 5,74,0,dsyb
93,DCM,0.8 to 5,67,0,dsyb
93,DCM,0.8 to 5,58,5.49E-08,dsyb
93,DCM,0.8 to 5,13,6.49E-08,dsyb
93,DCM,0.8 to 5,44,3.78E-07,dsyb
93,DCM,0.8 to 5,179,1.04E-07,dsyb
93,DCM,0.8 to 5,332,4.07E-08,dsyb
138,SRF,20 to 180,46,0,dsyb
138,SRF,20 to 180,44,4.31E-08,dsyb
131,SRF,180 to 2000,2493,0,dsyb
131,SRF,180 to 2000,38,3.20E-08,dsyb
66,SRF,20 to 180,12,0,dsyb
66,SRF,20 to 180,36,0,dsyb
66,SRF,20 to 180,59,3.13E-08,dsyb
128,DCM,180 to 2000,332,1.85E-07,dsyb
128,DCM,180 to 2000,44,1.44E-06,dsyb
136,SRF,180 to 2000,332,7.92E-08,dsyb
136,SRF,180 to 2000,44,5.49E-07,dsyb
147,SRF,5 to 20,12,0,dsyb
147,SRF,5 to 20,2493,0,dsyb
147,SRF,5 to 20,1580,0,dsyb
147,SRF,5 to 20,1255,3.38E-08,dsyb
123,SRF,5 to 20,44,2.54E-07,dsyb
123,SRF,5 to 20,1580,0,dsyb
123,SRF,5 to 20,58,5.00E-08,dsyb
123,SRF,5 to 20,76,3.30E-08,dsyb
123,SRF,5 to 20,1255,2.92E-08,dsyb
65,SRF,0.8 to 5,179,4.91E-08,dsyb
65,SRF,0.8 to 5,2743,5.68E-08,dsyb
65,SRF,0.8 to 5,76,8.59E-08,dsyb
65,SRF,0.8 to 5,66,2.14E-06,dsyb
65,SRF,0.8 to 5,13,7.82E-08,dsyb
65,SRF,0.8 to 5,24,2.66E-08,dsyb
65,SRF,0.8 to 5,178,0,dsyb
65,SRF,0.8 to 5,44,4.97E-08,dsyb
65,SRF,0.8 to 5,4,3.58E-08,dsyb
65,SRF,0.8 to 5,58,8.58E-08,dsyb
65,SRF,0.8 to 5,67,0,dsyb
65,SRF,0.8 to 5,166,1.14E-07,dsyb
65,SRF,0.8 to 5,36,1.89E-07,dsyb
65,SRF,0.8 to 5,225,9.44E-08,dsyb
136,SRF,5 to 20,44,3.05E-07,dsyb
136,SRF,5 to 20,332,3.49E-08,dsyb
136,SRF,5 to 20,46,0,dsyb
136,SRF,5 to 20,1580,0,dsyb
143,DCM,5 to 20,2493,0,dsyb
143,DCM,5 to 20,46,0,dsyb
143,DCM,5 to 20,1580,0,dsyb
72,DCM,180 to 2000,38,1.40E-07,dsyb
122,SRF,5 to 20,58,1.92E-07,dsyb
122,SRF,5 to 20,44,6.35E-07,dsyb
18,SRF,0.8 to 5,66,5.19E-07,dsyb
18,SRF,0.8 to 5,178,0,dsyb
18,SRF,0.8 to 5,13,2.76E-07,dsyb
18,SRF,0.8 to 5,36,1.71E-06,dsyb
102,DCM,5 to 20,44,4.53E-07,dsyb
81,SRF,20 to 180,112,0,dsyb
81,SRF,20 to 180,1580,0,dsyb
81,SRF,20 to 180,13,2.90E-08,dsyb
92,SRF,0.8 to 5,13,8.30E-08,dsyb
92,SRF,0.8 to 5,44,8.25E-08,dsyb
92,SRF,0.8 to 5,112,0,dsyb
92,SRF,0.8 to 5,58,2.53E-07,dsyb
92,SRF,0.8 to 5,4,1.01E-07,dsyb
92,SRF,0.8 to 5,66,3.24E-08,dsyb
135,SRF,20 to 180,179,5.87E-07,dsyb
135,SRF,20 to 180,58,2.01E-07,dsyb
135,SRF,20 to 180,188,3.39E-07,dsyb
135,SRF,20 to 180,166,9.16E-07,dsyb
135,SRF,20 to 180,24,1.57E-07,dsyb
135,SRF,20 to 180,44,3.97E-07,dsyb
135,SRF,20 to 180,59,1.57E-07,dsyb
39,SRF,20 to 180,166,9.53E-08,dsyb
39,SRF,20 to 180,179,7.67E-08,dsyb
146,SRF,180 to 2000,2493,0,dsyb
146,SRF,180 to 2000,38,2.53E-08,dsyb
145,SRF,180 to 2000,2493,0,dsyb
145,SRF,180 to 2000,1255,2.90E-08,dsyb
145,SRF,180 to 2000,38,2.95E-08,dsyb
145,SRF,180 to 2000,747,2.57E-08,dsyb
111,DCM,0.8 to 5,44,6.88E-07,dsyb
111,DCM,0.8 to 5,332,1.67E-07,dsyb
111,DCM,0.8 to 5,58,0,dsyb
38,DCM,0.8 to 5,332,1.08E-07,dsyb
38,DCM,0.8 to 5,2743,2.48E-08,dsyb
38,DCM,0.8 to 5,179,1.13E-05,dsyb
38,DCM,0.8 to 5,66,1.46E-06,dsyb
38,DCM,0.8 to 5,44,2.35E-06,dsyb
38,DCM,0.8 to 5,178,0,dsyb
38,DCM,0.8 to 5,58,7.76E-08,dsyb
38,DCM,0.8 to 5,188,1.97E-07,dsyb
38,DCM,0.8 to 5,36,0,dsyb
38,DCM,0.8 to 5,166,3.16E-05,dsyb
7,DCM,20 to 180,46,0,dsyb
64,SRF,5 to 20,1580,0,dsyb
65,SRF,180 to 2000,166,3.44E-08,dsyb
65,SRF,180 to 2000,2493,0,dsyb
65,SRF,180 to 2000,38,3.50E-08,dsyb
65,SRF,180 to 2000,58,1.94E-08,dsyb
66,SRF,0.8 to 5,36,0,dsyb
66,SRF,0.8 to 5,44,4.00E-07,dsyb
66,SRF,0.8 to 5,178,0,dsyb
66,SRF,0.8 to 5,66,1.99E-07,dsyb
98,SRF,180 to 2000,2493,0,dsyb
131,DCM,20 to 180,44,3.83E-08,dsyb
131,DCM,20 to 180,12,0,dsyb
131,DCM,20 to 180,46,0,dsyb
131,DCM,20 to 180,179,6.79E-08,dsyb
100,SRF,180 to 2000,58,2.19E-08,dsyb
100,SRF,180 to 2000,2493,0,dsyb
100,SRF,180 to 2000,44,1.34E-07,dsyb
7,DCM,5 to 20,12,0,dsyb
80,SRF,0.8 to 5,36,5.11E-08,dsyb
80,SRF,0.8 to 5,178,0,dsyb
80,SRF,0.8 to 5,29,3.95E-06,dsyb
80,SRF,0.8 to 5,66,9.99E-08,dsyb
150,SRF,180 to 2000,38,3.28E-08,dsyb
150,SRF,180 to 2000,2493,0,dsyb
142,DCM,180 to 2000,38,4.50E-08,dsyb
142,DCM,180 to 2000,46,0,dsyb
7,SRF,20 to 180,46,0,dsyb
128,SRF,0.8 to 5,58,5.51E-08,dsyb
128,SRF,0.8 to 5,166,2.23E-07,dsyb
128,SRF,0.8 to 5,36,5.03E-08,dsyb
128,SRF,0.8 to 5,225,3.57E-08,dsyb
128,SRF,0.8 to 5,179,8.84E-08,dsyb
128,SRF,0.8 to 5,2743,3.88E-08,dsyb
128,SRF,0.8 to 5,66,4.06E-07,dsyb
128,SRF,0.8 to 5,44,6.63E-06,dsyb
25,DCM,20 to 180,35,0,dsyb
25,DCM,20 to 180,59,2.83E-08,dsyb
25,DCM,20 to 180,44,2.25E-08,dsyb
25,DCM,20 to 180,12,0,dsyb
38,DCM,20 to 180,46,0,dsyb
38,DCM,20 to 180,179,7.07E-08,dsyb
38,DCM,20 to 180,44,3.96E-08,dsyb
38,DCM,20 to 180,188,5.76E-08,dsyb
38,DCM,20 to 180,166,3.22E-07,dsyb
38,DCM,20 to 180,12,0,dsyb
25,SRF,0.8 to 5,36,1.02E-07,dsyb
142,SRF,20 to 180,12,0,dsyb
142,SRF,20 to 180,46,0,dsyb
142,SRF,20 to 180,58,0,dsyb
7,SRF,0.8 to 5,66,6.67E-08,dsyb
7,SRF,0.8 to 5,36,0,dsyb
148,SRF,20 to 180,38,2.70E-08,dsyb
148,SRF,20 to 180,66,2.46E-08,dsyb
148,SRF,20 to 180,12,0,dsyb
148,SRF,20 to 180,2493,0,dsyb
70,SRF,0.8 to 5,36,3.78E-08,dsyb
70,SRF,0.8 to 5,44,5.85E-07,dsyb
70,SRF,0.8 to 5,332,1.49E-07,dsyb
70,SRF,0.8 to 5,66,2.10E-07,dsyb
70,SRF,0.8 to 5,58,3.14E-08,dsyb
9,DCM,0.8 to 5,166,2.34E-07,dsyb
9,DCM,0.8 to 5,36,3.69E-07,dsyb
9,DCM,0.8 to 5,58,1.03E-07,dsyb
9,DCM,0.8 to 5,24,1.36E-07,dsyb
9,DCM,0.8 to 5,44,1.09E-06,dsyb
9,DCM,0.8 to 5,178,0,dsyb
9,DCM,0.8 to 5,179,9.02E-08,dsyb
9,DCM,0.8 to 5,66,9.56E-07,dsyb
145,SRF,0.8 to 5,44,5.75E-08,dsyb
145,SRF,0.8 to 5,13,1.84E-07,dsyb
145,SRF,0.8 to 5,66,4.03E-07,dsyb
145,SRF,0.8 to 5,225,5.11E-08,dsyb
145,SRF,0.8 to 5,36,3.34E-07,dsyb
145,SRF,0.8 to 5,1255,4.32E-08,dsyb
145,SRF,0.8 to 5,4,7.06E-07,dsyb
145,SRF,0.8 to 5,58,1.77E-07,dsyb
145,SRF,0.8 to 5,67,0,dsyb
145,SRF,0.8 to 5,747,2.36E-07,dsyb
111,DCM,20 to 180,46,0,dsyb
111,DCM,20 to 180,332,2.66E-08,dsyb
111,DCM,20 to 180,44,1.75E-07,dsyb
111,DCM,20 to 180,2493,0,dsyb
111,DCM,20 to 180,12,0,dsyb
151,DCM,180 to 2000,2493,0,dsyb
68,SRF,5 to 20,1580,0,dsyb
68,SRF,5 to 20,58,2.72E-08,dsyb
68,SRF,5 to 20,1255,3.85E-08,dsyb
68,SRF,5 to 20,44,8.86E-08,dsyb
68,SRF,5 to 20,12,0,dsyb
123,SRF,20 to 180,2493,0,dsyb
123,SRF,20 to 180,44,3.59E-07,dsyb
84,SRF,180 to 2000,13,4.61E-06,dsyb
84,SRF,180 to 2000,85,0,dsyb
84,SRF,180 to 2000,74,5.29E-07,dsyb
84,SRF,180 to 2000,112,0,dsyb
84,SRF,180 to 2000,4,3.71E-06,dsyb
84,SRF,180 to 2000,67,8.47E-07,dsyb
84,SRF,180 to 2000,30,1.18E-07,dsyb
64,DCM,20 to 180,12,0,dsyb
64,DCM,20 to 180,46,0,dsyb
65,DCM,5 to 20,58,0,dsyb
65,DCM,5 to 20,66,3.34E-08,dsyb
65,DCM,5 to 20,178,0,dsyb
149,SRF,20 to 180,46,0,dsyb
149,SRF,20 to 180,12,0,dsyb
149,SRF,20 to 180,2493,0,dsyb
22,DCM,0.8 to 5,2743,2.58E-08,dsyb
22,DCM,0.8 to 5,66,3.49E-08,dsyb
22,DCM,0.8 to 5,12,0,dsyb
22,DCM,0.8 to 5,24,2.58E-08,dsyb
22,DCM,0.8 to 5,36,1.20E-07,dsyb
22,DCM,0.8 to 5,44,2.77E-08,dsyb
70,SRF,180 to 2000,46,0,dsyb
70,SRF,180 to 2000,44,3.07E-08,dsyb
70,SRF,180 to 2000,2493,0,dsyb
78,SRF,20 to 180,178,0,dsyb
78,SRF,20 to 180,29,6.12E-08,dsyb
78,SRF,20 to 180,12,0,dsyb
41,SRF,180 to 2000,44,1.74E-07,dsyb
25,DCM,0.8 to 5,178,0,dsyb
25,DCM,0.8 to 5,225,5.89E-08,dsyb
25,DCM,0.8 to 5,36,9.80E-08,dsyb
25,DCM,0.8 to 5,66,1.94E-07,dsyb
39,DCM,20 to 180,166,2.63E-08,dsyb
68,DCM,5 to 20,12,0,dsyb
68,DCM,5 to 20,44,2.56E-08,dsyb
98,DCM,5 to 20,44,1.73E-07,dsyb
82,SRF,5 to 20,13,3.91E-06,dsyb
82,SRF,5 to 20,85,0,dsyb
82,SRF,5 to 20,74,4.26E-08,dsyb
82,SRF,5 to 20,112,0,dsyb
82,SRF,5 to 20,4,4.96E-07,dsyb
82,SRF,5 to 20,30,1.07E-07,dsyb
82,SRF,5 to 20,67,3.78E-08,dsyb
85,DCM,0.8 to 5,13,1.03E-07,dsyb
85,DCM,0.8 to 5,85,0,dsyb
85,DCM,0.8 to 5,74,7.21E-08,dsyb
85,DCM,0.8 to 5,112,0,dsyb
85,DCM,0.8 to 5,4,1.18E-06,dsyb
85,DCM,0.8 to 5,67,1.67E-07,dsyb
85,DCM,0.8 to 5,30,0,dsyb
110,SRF,5 to 20,44,4.80E-07,dsyb
110,SRF,5 to 20,332,4.78E-08,dsyb
110,SRF,5 to 20,46,0,dsyb
125,SRF,5 to 20,2493,0,dsyb
125,SRF,5 to 20,44,1.01E-06,dsyb
125,SRF,5 to 20,58,7.16E-08,dsyb
125,SRF,5 to 20,1580,0,dsyb
109,SRF,5 to 20,36,0,dsyb
109,SRF,5 to 20,166,1.09E-07,dsyb
109,SRF,5 to 20,44,7.99E-07,dsyb
109,SRF,5 to 20,179,4.87E-08,dsyb
109,SRF,5 to 20,1580,0,dsyb
109,SRF,5 to 20,58,3.67E-08,dsyb
147,SRF,20 to 180,12,0,dsyb
147,SRF,20 to 180,2493,0,dsyb
36,SRF,0.8 to 5,44,1.29E-07,dsyb
36,SRF,0.8 to 5,36,3.22E-08,dsyb
36,SRF,0.8 to 5,166,2.32E-06,dsyb
36,SRF,0.8 to 5,46,0,dsyb
36,SRF,0.8 to 5,58,0,dsyb
36,SRF,0.8 to 5,66,3.63E-07,dsyb
36,SRF,0.8 to 5,179,9.16E-07,dsyb
138,SRF,5 to 20,44,9.18E-08,dsyb
143,SRF,180 to 2000,2493,0,dsyb
143,SRF,180 to 2000,38,5.23E-08,dsyb
136,SRF,20 to 180,44,1.51E-07,dsyb
136,SRF,20 to 180,46,0,dsyb
82,DCM,180 to 2000,67,7.10E-08,dsyb
82,DCM,180 to 2000,30,2.22E-07,dsyb
82,DCM,180 to 2000,4,8.04E-07,dsyb
82,DCM,180 to 2000,112,0,dsyb
82,DCM,180 to 2000,74,4.56E-08,dsyb
82,DCM,180 to 2000,85,0,dsyb
82,DCM,180 to 2000,13,3.78E-06,dsyb
22,DCM,180 to 2000,35,0,dsyb
51,SRF,0.8 to 5,2743,9.55E-08,dsyb
51,SRF,0.8 to 5,66,2.36E-07,dsyb
51,SRF,0.8 to 5,36,8.93E-08,dsyb
51,SRF,0.8 to 5,29,4.76E-07,dsyb
18,DCM,5 to 20,24,1.33E-07,dsyb
18,DCM,5 to 20,36,0,dsyb
18,DCM,5 to 20,12,0,dsyb
18,DCM,5 to 20,46,0,dsyb
109,DCM,0.8 to 5,332,9.10E-08,dsyb
109,DCM,0.8 to 5,2743,1.21E-07,dsyb
109,DCM,0.8 to 5,179,3.16E-08,dsyb
109,DCM,0.8 to 5,66,9.51E-08,dsyb
109,DCM,0.8 to 5,44,2.60E-06,dsyb
109,DCM,0.8 to 5,46,0,dsyb
109,DCM,0.8 to 5,58,3.96E-08,dsyb
109,DCM,0.8 to 5,36,3.05E-08,dsyb
109,DCM,0.8 to 5,166,1.27E-07,dsyb
30,SRF,5 to 20,12,0,dsyb
98,DCM,20 to 180,12,0,dsyb
98,DCM,20 to 180,2493,0,dsyb
98,DCM,20 to 180,112,0,dsyb
98,DCM,20 to 180,4,0,dsyb
83,SRF,180 to 2000,13,4.64E-07,dsyb
83,SRF,180 to 2000,4,2.80E-07,dsyb
83,SRF,180 to 2000,67,0,dsyb
83,SRF,180 to 2000,112,0,dsyb
78,SRF,180 to 2000,2493,0,dsyb
78,SRF,180 to 2000,38,2.94E-08,dsyb
131,SRF,20 to 180,44,4.51E-08,dsyb
131,SRF,20 to 180,46,0,dsyb
102,DCM,0.8 to 5,44,4.11E-06,dsyb
102,DCM,0.8 to 5,178,0,dsyb
102,DCM,0.8 to 5,66,2.40E-07,dsyb
102,DCM,0.8 to 5,332,4.43E-07,dsyb
102,DCM,0.8 to 5,2743,2.25E-08,dsyb
102,DCM,0.8 to 5,179,7.78E-08,dsyb
102,DCM,0.8 to 5,188,4.81E-08,dsyb
102,DCM,0.8 to 5,36,0,dsyb
102,DCM,0.8 to 5,166,1.63E-07,dsyb
102,DCM,0.8 to 5,58,0,dsyb
18,SRF,5 to 20,12,0,dsyb
151,SRF,5 to 20,46,0,dsyb
151,SRF,5 to 20,2493,0,dsyb
151,SRF,5 to 20,12,0,dsyb
11,SRF,5 to 20,66,6.70E-08,dsyb
102,SRF,0.8 to 5,44,1.41E-05,dsyb
102,SRF,0.8 to 5,332,2.43E-07,dsyb
102,SRF,0.8 to 5,58,3.76E-08,dsyb
83,SRF,0.8 to 5,13,1.13E-05,dsyb
83,SRF,0.8 to 5,66,1.26E-07,dsyb
83,SRF,0.8 to 5,30,8.55E-08,dsyb
83,SRF,0.8 to 5,85,0,dsyb
83,SRF,0.8 to 5,74,8.64E-08,dsyb
83,SRF,0.8 to 5,112,0,dsyb
83,SRF,0.8 to 5,747,6.47E-08,dsyb
83,SRF,0.8 to 5,4,1.69E-05,dsyb
83,SRF,0.8 to 5,67,5.87E-06,dsyb
83,SRF,0.8 to 5,58,1.13E-06,dsyb
84,SRF,5 to 20,112,0,dsyb
84,SRF,5 to 20,4,3.19E-07,dsyb
84,SRF,5 to 20,30,1.64E-07,dsyb
84,SRF,5 to 20,13,6.24E-07,dsyb
84,SRF,5 to 20,74,1.45E-07,dsyb
84,SRF,5 to 20,44,6.06E-08,dsyb
25,SRF,20 to 180,12,0,dsyb
25,SRF,20 to 180,46,0,dsyb
25,SRF,20 to 180,38,3.15E-08,dsyb
150,SRF,5 to 20,166,5.20E-08,dsyb
150,SRF,5 to 20,2493,0,dsyb
150,SRF,5 to 20,1580,0,dsyb
150,SRF,5 to 20,1255,1.17E-07,dsyb
150,SRF,5 to 20,66,3.20E-08,dsyb
136,SRF,0.8 to 5,58,8.34E-08,dsyb
136,SRF,0.8 to 5,36,3.69E-08,dsyb
136,SRF,0.8 to 5,166,7.44E-08,dsyb
136,SRF,0.8 to 5,225,4.58E-08,dsyb
136,SRF,0.8 to 5,179,2.98E-08,dsyb
136,SRF,0.8 to 5,2743,2.59E-08,dsyb
136,SRF,0.8 to 5,332,4.12E-08,dsyb
136,SRF,0.8 to 5,66,5.16E-07,dsyb
136,SRF,0.8 to 5,44,2.54E-06,dsyb
85,DCM,20 to 180,13,1.90E-06,dsyb
85,DCM,20 to 180,74,2.32E-07,dsyb
85,DCM,20 to 180,112,0,dsyb
85,DCM,20 to 180,4,4.05E-06,dsyb
85,DCM,20 to 180,67,1.61E-07,dsyb
85,DCM,20 to 180,30,2.42E-06,dsyb
122,SRF,180 to 2000,44,6.90E-07,dsyb
122,SRF,180 to 2000,13,0,dsyb
122,SRF,180 to 2000,58,1.39E-07,dsyb
122,SRF,180 to 2000,67,0,dsyb
122,SRF,180 to 2000,332,6.78E-08,dsyb
52,DCM,0.8 to 5,58,9.31E-08,dsyb
52,DCM,0.8 to 5,66,1.76E-07,dsyb
52,DCM,0.8 to 5,332,1.05E-07,dsyb
52,DCM,0.8 to 5,179,1.66E-07,dsyb
52,DCM,0.8 to 5,44,1.10E-06,dsyb
52,DCM,0.8 to 5,166,4.46E-07,dsyb
52,DCM,0.8 to 5,36,5.40E-08,dsyb
145,SRF,20 to 180,59,8.50E-08,dsyb
145,SRF,20 to 180,12,0,dsyb
111,SRF,20 to 180,46,0,dsyb
111,SRF,20 to 180,44,2.25E-08,dsyb
111,SRF,20 to 180,12,0,dsyb
148,SRF,180 to 2000,38,1.06E-07,dsyb
148,SRF,180 to 2000,2493,0,dsyb
145,SRF,5 to 20,2493,0,dsyb
145,SRF,5 to 20,1255,4.66E-07,dsyb
145,SRF,5 to 20,58,0,dsyb
78,DCM,20 to 180,46,0,dsyb
78,DCM,20 to 180,178,0,dsyb
78,DCM,20 to 180,12,0,dsyb
100,DCM,0.8 to 5,66,1.48E-07,dsyb
100,DCM,0.8 to 5,58,3.76E-08,dsyb
100,DCM,0.8 to 5,2743,2.57E-08,dsyb
100,DCM,0.8 to 5,332,5.66E-07,dsyb
100,DCM,0.8 to 5,225,4.85E-08,dsyb
100,DCM,0.8 to 5,44,1.78E-06,dsyb
100,DCM,0.8 to 5,36,0,dsyb
39,SRF,5 to 20,179,2.23E-07,dsyb
39,SRF,5 to 20,166,5.64E-07,dsyb
109,SRF,180 to 2000,44,8.81E-08,dsyb
109,SRF,180 to 2000,166,6.38E-08,dsyb
109,SRF,180 to 2000,38,2.71E-08,dsyb
109,SRF,180 to 2000,179,2.82E-08,dsyb
98,DCM,180 to 2000,2493,0,dsyb
98,DCM,180 to 2000,12,0,dsyb
98,DCM,180 to 2000,36,7.65E-08,dsyb
51,SRF,20 to 180,46,0,dsyb
85,SRF,180 to 2000,13,1.14E-05,dsyb
85,SRF,180 to 2000,74,2.04E-06,dsyb
85,SRF,180 to 2000,112,0,dsyb
85,SRF,180 to 2000,67,7.54E-07,dsyb
85,SRF,180 to 2000,30,3.97E-06,dsyb
85,SRF,180 to 2000,4,8.62E-06,dsyb
85,SRF,20 to 180,13,3.03E-06,dsyb
85,SRF,20 to 180,74,3.13E-07,dsyb
85,SRF,20 to 180,112,0,dsyb
85,SRF,20 to 180,67,2.60E-07,dsyb
85,SRF,20 to 180,30,6.13E-06,dsyb
85,SRF,20 to 180,4,1.04E-05,dsyb
128,DCM,0.8 to 5,178,0,dsyb
128,DCM,0.8 to 5,44,1.03E-05,dsyb
128,DCM,0.8 to 5,179,1.43E-07,dsyb
128,DCM,0.8 to 5,2743,4.49E-08,dsyb
128,DCM,0.8 to 5,66,1.43E-07,dsyb
128,DCM,0.8 to 5,36,7.23E-08,dsyb
128,DCM,0.8 to 5,166,3.99E-07,dsyb
128,DCM,0.8 to 5,225,2.42E-08,dsyb
128,DCM,0.8 to 5,1255,3.24E-08,dsyb
128,DCM,0.8 to 5,58,2.83E-08,dsyb
109,SRF,0.8 to 5,66,1.83E-07,dsyb
109,SRF,0.8 to 5,58,3.25E-08,dsyb
109,SRF,0.8 to 5,179,8.38E-07,dsyb
109,SRF,0.8 to 5,44,2.76E-05,dsyb
109,SRF,0.8 to 5,36,9.40E-08,dsyb
109,SRF,0.8 to 5,166,2.09E-06,dsyb
128,SRF,5 to 20,1255,8.52E-08,dsyb
128,SRF,5 to 20,332,3.25E-08,dsyb
128,SRF,5 to 20,179,8.89E-08,dsyb
128,SRF,5 to 20,44,3.89E-07,dsyb
128,SRF,5 to 20,166,1.64E-07,dsyb
52,SRF,20 to 180,2493,0,dsyb
52,SRF,20 to 180,44,9.48E-08,dsyb
52,SRF,20 to 180,13,2.91E-08,dsyb
52,SRF,20 to 180,58,2.62E-08,dsyb
52,SRF,20 to 180,46,0,dsyb